Time,Vultures,Jackals,Hyenas,Lions,Carrion,Log10Carrion,JackalRemovalRate,HyenaRemovalRate,LionRemovalRate,VultureRemovalRate,DecayRate
0,0.09,0.35,0.19,0.05,0.0017,-2.76955107862173,0.00237483236477425,0.00872645341920847,0.000339815140563533,0.0196299652774242,0.000119
2.65,0.0902089581734864,0.35296200370401,0.190042985543661,0.049987578107393,1.5996182729533,0.204016356575175,0.741069546451106,0.815929200109915,0.211554242961314,0.10563490823137,0.111973279106731
5.3,0.090420734788477,0.357029537698476,0.190105295552123,0.0499992104578353,2.07613741171973,0.317256094444572,0.810664465361522,0.835053986982912,0.249477237310765,0.105995976220314,0.145329618820381
7.95,0.0906331662333854,0.361288460884004,0.19016993903634,0.0500175821105995,2.27964891456499,0.357867967084802,0.840858836210666,0.841161927210397,0.263714000136794,0.106279013262793,0.159575424019549
10.6,0.0908461494524389,0.365595507383458,0.190235336804841,0.0500385035339986,2.36149123547446,0.373186338059176,0.85847684565706,0.843530498466498,0.269219165902798,0.106540822634573,0.165304386483212
13.25,0.0910596504152198,0.369896015295729,0.19030094314775,0.0500602479647909,2.38272515355429,0.377073949531186,0.870503576464708,0.844339313679606,0.270710249452757,0.10679420910625,0.166790760748801
15.9,0.0912736545277129,0.374163450354029,0.190366512664888,0.0500819876205493,2.37287453653794,0.375274775920781,0.879644765095792,0.844390965718963,0.270191399363133,0.107043803110695,0.166101217557656
18.55,0.0914881550083388,0.378383352572609,0.190431922357084,0.0501033039275275,2.34726741151427,0.370562569244719,0.887168340989139,0.844050139485823,0.2686405919026,0.107291691682454,0.164308718805999
21.2,0.0917031488022087,0.382547284025789,0.190497107931649,0.0501239849002708,2.31407765573557,0.364377928899032,0.893730224918668,0.843501659777477,0.26656815919844,0.107538930490108,0.16198543590149
23.85,0.0919186347963057,0.386650062603516,0.1905620356897,0.0501439279705964,2.2776822818439,0.357493143419413,0.899686879811178,0.84284449273445,0.264248225054113,0.107786086092907,0.159437759729073
26.5,0.0921346129347028,0.390688350045824,0.190626688525741,0.0501630895625025,2.24040193537902,0.350325939163666,0.905236351559329,0.842132959108683,0.261829132966165,0.108033471234108,0.156828135476531
29.15,0.0923510837484482,0.394659887666308,0.190691058484144,0.0501814579162794,2.20344009880355,0.343101248577418,0.910489649978488,0.841397139298522,0.259390728193559,0.108281260711858,0.154240806916249
31.8,0.0925680480974534,0.398563071524772,0.190755142679814,0.0501990382427153,2.1673973723295,0.335938542509865,0.915509347223067,0.840653726937797,0.256975374122464,0.108529552939229,0.151717816063065
34.45,0.0927855070272515,0.402396714290835,0.190818941041291,0.0502158446146722,2.13255309294938,0.328899852354408,0.920331104101154,0.839912007938119,0.254605024559083,0.108778403915699,0.149278716506457
37.1,0.093003461689618,0.406159911723239,0.190882455064424,0.0502318955714224,2.09901830066931,0.32201622507361,0.924975773423607,0.839177191259831,0.252290626710229,0.109027846217239,0.146931281046852
39.75,0.0932219132988906,0.409851967804952,0.190945687128734,0.0502472117612386,2.06681778283076,0.315302189544829,0.92945616991416,0.838452259104905,0.250037258504205,0.10927789959011,0.144677244798153
42.4,0.0934408631081216,0.413472352439495,0.191008640125001,0.0502618146915147,2.03593342002152,0.308763571410275,0.933780809455663,0.837738984002864,0.247846900825153,0.109528576800522,0.142515339401507
45.05,0.0936603123961127,0.417020676935528,0.191071317252891,0.0502757260727747,2.00632671086997,0.302401655092563,0.937955940210374,0.837038480113719,0.245719912733563,0.109779886818582,0.140442869760898
47.7,0.0938802624603313,0.420496679018258,0.191133721910126,0.0502889674767597,1.97795027163724,0.296215368643859,0.941986624979108,0.836351497556674,0.243655805921413,0.110031836523723,0.138456519014607
50.35,0.094100714612954,0.423900212828163,0.191195857630219,0.0503015601585403,1.95075359487934,0.290202415912996,0.945877305938786,0.835678577322993,0.241653646776475,0.110284431603674,0.136552751641554
53,0.094321670178549,0.427231241464554,0.19125772804564,0.0503135249635284,1.92468586903362,0.284359857752164,0.949632092479828,0.835020131930961,0.239712263866786,0.110537677021689,0.134728010832353
55.65,0.094543130492605,0.430489830791533,0.191319336864202,0.0503248822783399,1.89969731825534,0.278684409645866,0.953254903968824,0.834376487273974,0.23783035536873,0.110791577257102,0.132978812277874
58.3,0.0947650969004968,0.433676143852524,0.191380687852338,0.0503356520045337,1.87573980911104,0.273172595607948,0.956749538162171,0.833747904571289,0.236006545747598,0.11104613642924,0.131301786637773
60.95,0.0949875707566768,0.43679043557287,0.191441784822043,0.0503458535446319,1.8527670994696,0.267820830127184,0.960119702425442,0.833134592304042,0.234239416936934,0.111301358362533,0.129693696962872
63.6,0.0952105534239885,0.439833047602579,0.191502631619892,0.0503555057950986,1.83073491515009,0.262625464333363,0.963369026861134,0.83253671319497,0.2325275267128,0.1115572466226,0.128151444060506
66.25,0.0954340462730495,0.442804403238434,0.191563232117313,0.0503646271435901,1.80960094469624,0.257582814303448,0.966501068954141,0.831954388767658,0.230869420546236,0.111813804538294,0.126672066128736
68.9,0.0956580506816813,0.445705002407118,0.191623590201759,0.0503732354690796,1.78932479574457,0.252689180252451,0.969519314457754,0.831387702729399,0.229263640003896,0.112071035217132,0.12525273570212
71.55,0.0958825680343722,0.448535416710914,0.19168370976857,0.0503813481440946,1.76986793372473,0.247940860828212,0.972427176780711,0.8308367037741,0.227708729186802,0.112328941557632,0.123890755360731
74.2,0.0961075997217699,0.451296284545962,0.191743594713443,0.0503889820386113,1.75119361278808,0.243334164539803,0.975227995922924,0.8303014080841,0.226203239934661,0.112587526260255,0.122583552895165
76.85,0.0963331471402,0.45398830630611,0.191803248925442,0.0503961535252999,1.7332668037516,0.238865419308553,0.977925037423918,0.829781801657651,0.224745736161297,0.112846791837682,0.121328676262612
79.5,0.0965592116912104,0.456612239685746,0.191862676280538,0.0504028784858981,1.7160541214403,0.234530980641021,0.980521491512529,0.829277842517361,0.223334797516286,0.113106740624751,0.120123788500821
82.15,0.0967857947811398,0.459168895094255,0.19192188063563,0.0504091723185288,1.69952375267961,0.230327238695837,0.9830204725207,0.828789462822387,0.221969022488168,0.113367374788178,0.118966662687573
84.8,0.0970128978207104,0.461659131193421,0.191980865823046,0.0504150499458094,1.68364538564227,0.226250624410462,0.985425018568907,0.828316570892975,0.220647031026726,0.113628696336098,0.117855176994959
87.45,0.0972405222246442,0.464083850567643,0.192039635645488,0.0504205258236196,1.66839014097554,0.222297614803277,0.987738091507847,0.82785905315002,0.219367466742988,0.113890707127419,0.116787309868288
90.1,0.0974686694113026,0.466443995535365,0.192098193871417,0.0504256139504087,1.65373050498093,0.218464737540767,0.989962577092665,0.827416775970189,0.218128998735292,0.114153408880973,0.115761135348665
92.75,0.0976973408023485,0.468740544108628,0.19215654423084,0.0504303278769395,1.63964026502391,0.214748574845113,0.992101285363987,0.826989587456548,0.216930323083302,0.11441680318445,0.114774818551674
95.4,0.0979265378224303,0.47097450610631,0.1922146904115,0.0504346807163751,1.62609444728923,0.211145766808673,0.994156951211112,0.826577319124866,0.215770164047399,0.114680891503089,0.113826611310246
98.05,0.0981562618988879,0.473146919425322,0.192272636055434,0.0504386851546279,1.6130692569476,0.207653014174126,0.996132235093827,0.826179787505917,0.214647275006815,0.114945675188113,0.112914847986332
100.7,0.098386514461478,0.475258846472816,0.192330384755882,0.0504423534608977,1.60054202076129,0.204267080632723,0.998029723900844,0.825796795664405,0.213560439166442,0.115211155484894,0.11203794145329
103.35,0.0986172969421213,0.47731137076138,0.192387940054536,0.0504456974983357,1.58849113214361,0.200984794692378,0.999851931927989,0.825428134636275,0.212508470060658,0.115477333540835,0.111194379250053
106,0.0988486107746677,0.479305593668171,0.192445305439105,0.0504487287347791,1.57689599863504,0.197803051154939,1.0016013019553,0.825073584785044,0.211490211877272,0.115744210412964,0.110382719904453
108.65,0.0990804573946805,0.481242631358015,0.192502484341173,0.0504514582535055,1.56573699177883,0.194718812248075,1.00328020641149,0.824732917079961,0.210504539625507,0.116011787075221,0.109601589424518
111.3,0.0993128382392381,0.483123611869695,0.192559480134343,0.0504538967639681,1.55499539932626,0.19172910844313,1.00489094860806,0.824405894297082,0.209550359166344,0.116280064425463,0.108849677952838
113.95,0.0995457547467536,0.484949672363875,0.192616296132636,0.0504560546124702,1.54465337972472,0.188831038996019,1.00643576403353,0.824092272146255,0.208626607124428,0.116549043292142,0.10812573658073
116.6,0.0997792083568095,0.486721956530482,0.192672935589147,0.0504579417927522,1.53469391881227,0.18602177223942,1.00791682169546,0.823791800326094,0.207732250697001,0.116818724440705,0.107428574316859
119.25,0.100013200510009,0.488441612152744,0.192729401694919,0.0504595679564591,1.52510078864407,0.183298545653662,1.00933622550036,0.823504223509476,0.206866287374264,0.117089108579672,0.106757055205085
121.9,0.100247732647842,0.490109788824616,0.19278569757804,0.0504609424234697,1.51585850837273,0.180658665741468,1.01069601566304,0.823229282262267,0.206027744584116,0.117360196366427,0.106110095586091
124.55,0.100482806212563,0.491727635817862,0.192841826302933,0.0504620741920642,1.50695230710138,0.178099507729058,1.01199817013765,0.822966713897968,0.205215679272719,0.117631988412714,0.105486661497096
127.2,0.100718422647086,0.49329630009469,0.192897790869834,0.0504629719489158,1.49836808862637,0.17561851511394,1.01324460606349,0.822716253271002,0.204429177431036,0.117904485289835,0.104885766203846
129.85,0.100954583394891,0.494816924461539,0.192953594214441,0.0504636440788932,1.49009239798521,0.173213199077348,1.01443718121908,0.822477633511267,0.20366735357622,0.118177687533579,0.104306467858965
132.5,0.101191289899939,0.496290645859349,0.193009239207724,0.0504640986746613,1.48211238972992,0.170881137778817,1.01557769547978,0.822250586702864,0.202929350196115,0.118451595648858,0.103747867281095
135.15,0.1014285436066,0.497718593785439,0.193064728655869,0.0504643435460725,1.47441579784631,0.168619975548458,1.01666789227455,0.822034844509785,0.202214337164063,0.118726210114091,0.103209105849242
137.8,0.101666345959597,0.499101888841996,0.193120065300373,0.0504643862293414,1.46699090723165,0.166427421988234,1.01770946003584,0.821830138750781,0.201521511129528,0.119001531385311,0.102689363506216
140.45,0.101904698403951,0.500441641406011,0.193175251818246,0.0504642339959985,1.45982652666468,0.16430125099786,1.01870403364161,0.821636201926676,0.20085009489106,0.119277559900032,0.102187856866528
143.1,0.102143602384941,0.501738950415479,0.193230290822338,0.0504638938616178,1.45291196318618,0.162239299734509,1.01965319584462,0.82145276770233,0.200199336755791,0.119554296080864,0.101703837423033
145.75,0.102383059348071,0.502994902266613,0.193285184861755,0.0504633725943183,1.44623699781792,0.160239467516375,1.02055847868642,0.821279571345735,0.199568509889697,0.119831740338898,0.101236589847255
148.4,0.102623070739043,0.50421056981684,0.193339936422379,0.0504626767230361,1.43979186255407,0.158299714680271,1.02142136489442,0.821116350126921,0.198956911662649,0.120109893076862,0.100785430378785
151.05,0.102863638003747,0.505387011488343,0.193394547927469,0.0504618125455683,1.43356721855594,0.156418061400752,1.02224328925947,0.820962843678884,0.198363862991247,0.120388754692059,0.100349705298916
153.7,0.103104762588241,0.506525270466994,0.193449021738328,0.0504607861363897,1.42755413548665,0.154592586478191,1.02302563999232,0.820818794322838,0.197788707682249,0.120668325579107,0.0999287894840654
156.35,0.103346445938756,0.507626373991585,0.193503360155053,0.0504596033542431,1.42174407192492,0.152821426102568,1.02376976005753,0.820683947360021,0.197230811779026,0.120948606132464,0.0995220850347444
159,0.103588689501692,0.508691332728328,0.193557565417333,0.0504582698495052,1.41612885680261,0.15110277259966,1.02447694848434,0.820558051332309,0.196689562913353,0.121229596748784,0.099129019976183
161.65,0.103831494723632,0.50972114022577,0.193611639705306,0.0504567910713326,1.41070067180259,0.149434873162541,1.02514846165131,0.820440858253181,0.19616436966354,0.121511297829074,0.0987490470261814
164.3,0.104074863051349,0.510716772445301,0.193665585140462,0.0504551722745886,1.40545203467757,0.147816028577176,1.02578551454749,0.820332123811797,0.195654660921641,0.121793709780694,0.0983816424274299
166.95,0.104318795931829,0.511679187362649,0.193719403786584,0.0504534185265564,1.40037578342503,0.146244591941742,1.02638928200532,0.820231607551076,0.195159885269581,0.122076833019185,0.0980263048397523
169.6,0.104563294812291,0.512609324635848,0.193773097650731,0.0504515347134422,1.39546506128612,0.144718967388179,1.02696089990895,0.820139073022524,0.194679510366689,0.122360667969952,0.0976825542900284
172.25,0.104808361140214,0.51350810533533,0.193826668684243,0.0504495255466708,1.39071330251053,0.143237608805243,1.02750146637399,0.820054287918638,0.194213022348246,0.122645215069793,0.0973499311757371
174.9,0.105053996363364,0.514376431731964,0.193880118783781,0.0504473955689809,1.38611421885345,0.141799018568688,1.02801204290082,0.819977024185019,0.193759925236556,0.122930474768295,0.0970279953197412
177.55,0.105300201929833,0.515215187138995,0.193933449792377,0.0504451491603223,1.38166178676184,0.140401746280396,1.02849365550039,0.819907058113539,0.193319740364848,0.1232164475291,0.0967163250733289
180.2,0.10554697928807,0.516025235804028,0.193986663500509,0.0504427905435605,1.37735023521204,0.139044387518738,1.02894729579266,0.819844170417988,0.192892005814417,0.123503133831049,0.0964145164648431
182.85,0.10579432988692,0.516807422847355,0.194039761647189,0.0504403237899939,1.37317403416275,0.137725582602203,1.02937392207755,0.819788146293535,0.192476275865328,0.123790534169206,0.0961221823913926
185.5,0.106042255175667,0.517562574243082,0.194092745921054,0.0504377528246875,1.36912788359105,0.136444015368479,1.02977446037882,0.819738775461386,0.192072120461038,0.124078649055786,0.0958389518513732
188.15,0.106290756604079,0.518291496839695,0.194145617961473,0.0504350814316291,1.36520670307957,0.135198411970593,1.03014980546125,0.819695852199836,0.191679124687068,0.124367479020968,0.0955644692155698
190.8,0.106539835622448,0.518994978416865,0.194198379359649,0.0504323132587116,1.36140562191897,0.133987539689578,1.03050082181959,0.819659175362461,0.191296888263252,0.124657024613621,0.0952983935343282
193.45,0.106789493681641,0.51967378777542,0.194251031659725,0.0504294518225478,1.35771996971094,0.13281020576917,1.03082834464327,0.819628548385432,0.190925025050874,0.124947286401945,0.095040397879766
196.1,0.107039732233147,0.520328674857635,0.194303576359892,0.0504265005131205,1.35414526742669,0.131665256267683,1.03113318075235,0.819603779283731,0.190563162572872,0.125238264974016,0.094790168719868
198.75,0.107290552729126,0.520960370895089,0.194356014913487,0.050423462598275,1.35067721891266,0.130551574933268,1.03141610950954,0.819584680638328,0.190210941548669,0.125529960938273,0.0945474053238861
201.4,0.10754195662246,0.521569588581509,0.194408348730088,0.050420341228057,1.34731170280965,0.129468082100035,1.03167788370592,0.81957106957454,0.189868015442495,0.125822374923914,0.0943118191966754
204.05,0.107793945366805,0.52215702226819,0.194460579176607,0.0504171394389013,1.34404476486495,0.128413733606254,1.03191923042147,0.81956276773253,0.189534050025255,0.12611550758124,0.0940831335405465
206.7,0.108046520416641,0.522723348179679,0.194512707578359,0.0504138601576757,1.34087261061837,0.12738751973567,1.03214085186126,0.819559601230832,0.189208722949925,0.12640935958193,0.0938610827432857
209.35,0.108299683227329,0.523269224647599,0.194564735220137,0.050410506205585,1.33779159844058,0.126388464181756,1.03234342616732,0.819561400623536,0.188891723340087,0.12670393161926,0.0936454118908405
212,0.10855343525516,0.523795292360578,0.194616663347266,0.0504070803019389,1.3347982329051,0.125415623035142,1.03252760820673,0.819568000851772,0.188582751391382,0.126999224408272,0.0934358763033568
214.65,0.10880777795741,0.524302174628407,0.194668493166642,0.0504035850677887,1.33188915847742,0.124468083794783,1.0326940303367,0.819579241190234,0.188281517985732,0.127295238685892,0.0932322410934196
217.3,0.109062712792394,0.524790477658663,0.194720225847763,0.0504000230294369,1.32906115350363,0.123544964402591,1.03284330314685,0.819594965189225,0.187987744317963,0.127591975211,0.0930342807452543
219.95,0.109318241219522,0.525260790844151,0.194771862523742,0.0503963966218233,1.32631112447964,0.122645412300543,1.03297601617838,0.819615020612555,0.18770116153425,0.127889434764468,0.092841778713575
222.6,0.109574364699348,0.525713687059621,0.1948234042923,0.050392708191793,1.32363610059621,0.121768603513444,1.03309273862335,0.819639259372488,0.187421510383059,0.128187618149151,0.0926545270417347
225.25,0.109831084693626,0.526149722966361,0.194874852216751,0.0503889600012483,1.32103322853036,0.120913741752213,1.03319402000025,0.819667537461106,0.187148540876795,0.128486526189847,0.0924723259971254
227.9,0.110088402665368,0.526569439323308,0.194926207326961,0.0503851542301904,1.31849976748753,0.120080057543262,1.03328039081141,0.819699714879774,0.186882011965571,0.128786159733229,0.0922949837241269
230.55,0.110346320078889,0.526973361303491,0.194977470620296,0.0503812929796527,1.31603308446517,0.119266807378281,1.03335236317786,0.819735655565873,0.186621691221145,0.129086519647741,0.0921223159125621
233.2,0.110604838399867,0.527361998814641,0.195028643062546,0.0503773782745313,1.31363064973864,0.118473272888242,1.03341043145581,0.819775227318092,0.186367354531962,0.129387606823476,0.0919541454817047
235.85,0.110863959095393,0.527735846822936,0.195079725588836,0.0503734120663141,1.31129003255266,0.117698760039612,1.03345507283359,0.819818301720182,0.186118785808447,0.129689422172023,0.091790302278686
238.5,0.111123683634021,0.528095385678922,0.195130719104515,0.0503693962357138,1.30900889700819,0.116942598352462,1.03348674790973,0.81986475406352,0.185875776698285,0.129991966626302,0.0916306227905736
241.15,0.111384013485826,0.528441081444722,0.195181624486025,0.050365332595207,1.30678499813557,0.116204140140454,1.03350590125271,0.819914463268799,0.185638126311446,0.130295241140369,0.0914749498694899
243.8,0.111644950122448,0.528773386221724,0.195232442581756,0.0503612228914832,1.3046161781446,0.115482759772368,1.03351296194309,0.819967311807114,0.185405640954696,0.130599246689216,0.0913231324701222
246.45,0.111906495017149,0.529092738477999,0.195283174212876,0.0503570688078061,1.30250036284302,0.114777852954825,1.03350834409836,0.820023185620688,0.185178133875299,0.130903984268547,0.0911750253990115
249.1,0.112168649644858,0.529399563374789,0.195333820174146,0.0503528719662911,1.30043555821429,0.114088836035656,1.03349244738099,0.820081974043402,0.184955425013573,0.131209454894543,0.0910304890750001
251.75,0.112431415482223,0.529694273091446,0.195384381234712,0.0503486339301016,1.2984198471463,0.113415145327297,1.03346565748977,0.820143569721282,0.184737340763964,0.13151565960362,0.0908893893002412
254.4,0.112694794007662,0.529977267148249,0.195434858138882,0.0503443562055665,1.29645138630536,0.112756236450409,1.03342834663563,0.820207868533247,0.184523713744531,0.13182259945217,0.0907515970413753
257.05,0.112958786701406,0.530248932726627,0.195485251606883,0.0503400402442222,1.2945284031496,0.112111583697746,1.03338087400259,0.820274769512382,0.184314382574729,0.1321302755163,0.090616988220472
259.7,0.113223395045551,0.530509644986307,0.195535562335597,0.0503356874447817,1.29264919306639,0.111480679414873,1.0333235861918,0.820344174767199,0.184109191660302,0.132438688891559,0.0904854435146472
262.35,0.113488620524102,0.530759767379003,0.195585790999277,0.0503312991550328,1.29081211664366,0.110863033402757,1.03325681765385,0.820415989404254,0.1839079909867,0.132747840692663,0.0903568481650563
265,0.11375446462302,0.53099965195827,0.195635938250254,0.0503268766736689,1.28901559704964,0.110258172335257,1.03318089110399,0.820490121450746,0.183710635918782,0.133057732053207,0.0902310917934746
267.65,0.114020928830268,0.531229639685214,0.19568600471961,0.0503224212520539,1.28725811753305,0.109665639197034,1.03309611792595,0.820566481778552,0.18351698700835,0.133368364125387,0.0901080682273133
270.3,0.114288014635855,0.531450060729767,0.195735991017849,0.0503179340959234,1.28553821902728,0.109084992737663,1.03300279856145,0.820644984028933,0.183326909808163,0.133679738079705,0.0899876753319098
272.95,0.114555723531881,0.531661234767287,0.195785897735538,0.0503134163670258,1.2838544978562,0.108515806942493,1.03290122288659,0.820725544538206,0.18314027469246,0.13399185510468,0.0898698148499342
275.6,0.114824057012576,0.531863471270268,0.195835725443939,0.050308869184704,1.28220560353921,0.107957670520605,1.03279167057627,0.820808082264634,0.182956956684035,0.134304716406554,0.0897543922477449
278.25,0.115093016574347,0.532057069794969,0.195885474695614,0.0503042936274199,1.28059023668876,0.107410186408685,1.03267441145635,0.820892518716417,0.182776835287387,0.134618323209,0.0896413165682131
280.9,0.11536260371582,0.532242320262812,0.195935146025028,0.0502996907342252,1.27900714699626,0.10687297129051,1.0325497058439,0.82097877788087,0.182599794327803,0.134932676752832,0.0895305002897379
283.55,0.115632819937875,0.532419503236424,0.195984739949116,0.0502950615061784,1.27745513130261,0.106345655131684,1.03241780487616,0.821066786154844,0.182425721796162,0.135247778295706,0.0894218591911824
286.2,0.115903666743692,0.532588890190205,0.196034256967852,0.0502904069077115,1.27593303174949,0.105827880729272,1.03227895082848,0.821156472276439,0.182254509699286,0.135563629111835,0.0893153122224642
288.85,0.116175145638788,0.532750743775348,0.196083697564789,0.0502857278679474,1.27443973400771,0.105319303275879,1.0321333774215,0.821247767258026,0.18208605391564,0.135880230491699,0.0892107813805398
291.5,0.116447258131056,0.532905318079239,0.19613306220759,0.0502810252819696,1.27297416557898,0.104819589937756,1.03198131011806,0.821340604320612,0.181920254056179,0.136197583741753,0.0891081915905289
294.15,0.116720005730802,0.533052858879198,0.19618235134854,0.0502763000120471,1.27153529416758,0.104328419446442,1.03182296640995,0.821434918829533,0.18175701333014,0.136515690184149,0.0890074705917306
296.8,0.116993389950784,0.533193603890532,0.196231565425046,0.0502715528888142,1.27012212611887,0.103845481703612,1.03165855609488,0.82153064823151,0.181596238415625,0.136834551156451,0.0889085488283207
299.45,0.117267412306246,0.533327783008873,0.196280704860121,0.0502667847124088,1.26873370492405,0.103370477399544,1.03148828154473,0.821627731993256,0.181437839335032,0.137154168011358,0.0888113593446837
302.1,0.117542074314957,0.533455618546827,0.19632977006285,0.0502619962535693,1.26736910978306,0.102903117643054,1.03131233796381,0.821726111541237,0.18128172933465,0.137474542116428,0.088715837684814
304.75,0.117817377497242,0.533577325464921,0.196378761428851,0.0502571882546919,1.26602745422594,0.102443123603573,1.03113091363826,0.821825730202829,0.181127824768571,0.137795674853808,0.0886219217958161
307.4,0.118093323376022,0.533693111596885,0.19642767934071,0.0502523614308503,1.26470788479527,0.101990226166747,1.03094419017856,0.821926533149259,0.18097604498728,0.13811756761997,0.0885295519356692
310.05,0.11836991347684,0.533803177869315,0.196476524168413,0.0502475164707784,1.26340957977302,0.101544165598388,1.03075234275099,0.822028467339233,0.180826312229348,0.138440221825445,0.0884386705841111
312.7,0.118647149327902,0.533907718515729,0.196525296269762,0.0502426540378177,1.26213174796908,0.101104691223126,1.03055554030438,0.822131481464772,0.180678551518062,0.138763638894564,0.0883492223578358
315.35,0.118925032460103,0.534006921285114,0.196573995990771,0.0502377747708306,1.26087362754814,0.100671561110145,1.03035394578588,0.82223552589758,0.180532690560714,0.139087820265211,0.0882611539283699
318,0.119203564407065,0.534100967644974,0.196622623666064,0.0502328792850809,1.25963448491279,0.100244541772638,1.03014771635221,0.822340552637523,0.180388659652458,0.139412767388565,0.088174413943895
320.65,0.119482746705161,0.534190032978992,0.196671179619246,0.0502279681730827,1.25841361362481,0.0998234078750465,1.02993700357161,0.822446515261928,0.180246391582963,0.139738481728867,0.0880889529537365
323.3,0.11976258089355,0.534274286779349,0.196719664163273,0.0502230420054183,1.2572103333712,0.0994079419507341,1.02972195361946,0.822553368876359,0.180105821546606,0.140064964763169,0.0880047233359837
325.95,0.120043068514208,0.534353892833785,0.196768077600803,0.0502181013315274,1.25602398897369,0.098997934130006,1.02950270746784,0.822661070066904,0.179966887056141,0.140392217981109,0.0879216792281582
328.6,0.120324211111953,0.53442900940749,0.196816420224542,0.050213146680467,1.25485394943433,0.0985931818761764,1.02927940106763,0.822769576853493,0.179829527859163,0.14072024288468,0.0878397764604033
331.25,0.120606010234477,0.534499789419911,0.196864692317577,0.0502081785616449,1.25369960701962,0.0981934897308493,1.02905216552457,0.82287884864457,0.179693685857653,0.141049040988,0.0877589724913731
333.9,0.120888467432374,0.534566380616549,0.196912894153693,0.050203197465526,1.25256037638127,0.0977986690680291,1.02882112726938,0.822988846193064,0.17955930503049,0.141378613817102,0.0876792263466892
336.55,0.121171584259166,0.534628925735864,0.19696102599769,0.0501982038643135,1.25143569371142,0.0974085378564903,1.02858640822202,0.82309953155358,0.179426331358734,0.141708962909712,0.0876004985597993
339.2,0.12145536227133,0.534687562671361,0.197009088105682,0.050193198212606,1.25032501593065,0.0970229204301768,1.02834812595011,0.823210868040783,0.179294712753579,0.142040089815045,0.0875227511151453
341.85,0.121739803028329,0.534742424628958,0.197057080725388,0.0501881809480299,1.24922781990779,0.0966416472663812,1.0281063938219,0.823322820188972,0.179164398986902,0.142371996093597,0.0874459473935455
344.5,0.122024908092629,0.53479364027975,0.197105004096418,0.0501831524918501,1.24814360171008,0.0962645547714862,1.02786132115392,0.823435353712813,0.179035341624303,0.142704683316951,0.0873700521197056
347.15,0.122310679029735,0.534841333908238,0.197152858450541,0.0501781132495581,1.24707187588254,0.0958914850740482,1.02761301335349,0.823548435469221,0.178907493960577,0.143038153067577,0.0872950313117781
349.8,0.122597117408209,0.534885625556155,0.197200644011956,0.0501730636114394,1.24601217475537,0.0955222858249501,1.02736157205628,0.823662033420354,0.178780810957498,0.143372406938648,0.0872208522328756
352.45,0.122884224799697,0.534926631161966,0.197248360997542,0.0501680039531198,1.24496404777801,0.0951568100043899,1.02710709525908,0.823776116597702,0.178655249183849,0.143707446533853,0.0871474833444607
355.1,0.123172002778953,0.534964462696151,0.197296009617109,0.0501629346360927,1.24392706087913,0.0947949157355049,1.02684967744797,0.823890655067244,0.178530766757612,0.144043273467216,0.0870748942615388
357.75,0.123460452923861,0.534999228292373,0.197343590073637,0.0501578560082272,1.24290079585116,0.0944364661044119,1.02658940972196,0.824005619895651,0.178407323290252,0.144379889362926,0.0870030557095811
360.4,0.123749576815462,0.535031032374631,0.197391102563506,0.0501527684042576,1.24188484975856,0.0940813289864117,1.02632637991239,0.824120983117506,0.178284879832991,0.144717295855163,0.0869319394830989
363.05,0.124039376037972,0.535059975780491,0.197438547276722,0.050147672146256,1.24087883436866,0.0937293768781642,1.02606067269805,0.824236717703506,0.178163398825022,0.145055494587935,0.086861518405806
365.7,0.124329852178809,0.535086155880505,0.197485924397133,0.0501425675440871,1.2398823756043,0.0933804867356251,1.02579236971634,0.824352797529635,0.178042844043577,0.145394487214915,0.0867917662923013
368.35,0.124621006828611,0.535109666693899,0.197533234102638,0.0501374548958471,1.2388951130173,0.0930345398175442,1.0255215496704,0.824469197347276,0.177923180555783,0.145734275399287,0.0867226579112108
371,0.124912841581261,0.535130599000656,0.197580476565388,0.0501323344882866,1.23791669928253,0.0926914215345821,1.0252482884328,0.824585892754284,0.177804374672319,0.146074860813592,0.0866541689497774
373.65,0.125205358033905,0.53514904045005,0.197627651951986,0.0501272065972189,1.23694679971166,0.0923510213037278,1.02497265914557,0.824702860166983,0.177686393902758,0.146416245139583,0.0865862759798163
376.3,0.125498557786975,0.535165075665768,0.197674760423674,0.0501220714879124,1.23598509178356,0.0920132324071801,1.02469473231625,0.8248200767929,0.177569206912357,0.14675843006808,0.0865189564248492
378.95,0.125792442444209,0.535178786347683,0.197721802136514,0.0501169294154699,1.23503126469323,0.0916779518563174,1.02441457591069,0.824937520604393,0.177452783480453,0.147101417298831,0.0864521885285259
381.6,0.12608701361267,0.53519025137038,0.197768777241567,0.0501117806251941,1.23408501892002,0.0913450802611866,1.02413225544344,0.825055170313293,0.177337094460595,0.147445208540378,0.0863859513244017
384.25,0.126382272902768,0.535199546878531,0.197815685885066,0.0501066253529396,1.23314606580983,0.0910145217036735,1.02384783406401,0.82517300534616,0.177222111741862,0.147789805509926,0.0863202246066881
386.9,0.126678221928277,0.535206746379201,0.197862528208577,0.0501014638254524,1.23221412717183,0.0906861836146714,1.02356137263987,0.825291005820206,0.177107808211454,0.148135209933215,0.0862549889020283
389.55,0.126974862306355,0.535211920831174,0.197909304349161,0.0500962962606973,1.23128893489531,0.0903599766572119,1.02327292983802,0.8254091525204,0.176994157719121,0.148481423544398,0.0861902254426716
392.2,0.127272195657564,0.535215138731385,0.197956014439528,0.0500911228681735,1.23037023057611,0.0900358146119943,1.02298256220212,0.825527426876899,0.176881135042389,0.148828448085921,0.0861259161403275
394.85,0.127570223605888,0.535216466198547,0.198002658608188,0.0500859438492188,1.2294577651581,0.0897136142672294,1.0226903242273,0.825645810943282,0.176768715853129,0.149176285308408,0.0860620435610671
397.5,0.127868947778748,0.535215967054041,0.198049236979591,0.0500807593973027,1.22855129859225,0.0893932953137865,1.02239626843353,0.825764287375828,0.176656876685757,0.149524936970548,0.0859985909014573
400.15,0.128168369807025,0.535213702900175,0.19809574967427,0.0500755696983091,1.22765059950059,0.0890747802412287,1.02210044543405,0.825882839412812,0.17654559490577,0.149874404838988,0.0859355419650416
402.8,0.128468491325075,0.535209733195856,0.198142196808973,0.0500703749308093,1.22675544486217,0.0887579942407637,1.02180290400419,0.826001450855236,0.176434848680375,0.150224690688226,0.0858728811403518
405.45,0.128769313970746,0.535204115329792,0.198188578496796,0.0500651752663242,1.2258656197017,0.0884428651084346,1.02150369114505,0.826120106047453,0.176324616949255,0.150575796300512,0.0858105933791193
408.1,0.129070839385396,0.535196904691258,0.198234894847306,0.0500599708695777,1.22498091679765,0.0881293231544015,1.02120285214731,0.826238789859053,0.176214879397169,0.150927723465746,0.0857486641758353
410.75,0.129373069213909,0.535188154738539,0.198281145966662,0.0500547618987414,1.2241011363948,0.0878173011131798,1.02090043065079,0.826357487666817,0.176105616426904,0.151280473981387,0.085687079547636
413.4,0.129676005104714,0.535177917065089,0.198327331957734,0.0500495485056693,1.22322608593302,0.0875067340589122,1.02059646870363,0.826476185337709,0.175996809133741,0.151634049652356,0.0856258260153113
416.05,0.129979648709799,0.535166241463498,0.198373452920217,0.0500443308361253,1.22235557978095,0.087197559321814,1.02029100681773,0.826594869212003,0.175888439280321,0.151988452290952,0.0855648905846662
418.7,0.130284001684726,0.535153175987323,0.198419508950736,0.0500391090300017,1.22148943898516,0.0868897164094983,1.01998408402405,0.82671352608742,0.175780489272985,0.152343683716761,0.0855042607289609
421.35,0.130589065688651,0.535138767010856,0.198465500142957,0.0500338832215304,1.22062749102211,0.0865831469287464,1.0196757379238,0.826832143203249,0.175672942138286,0.152699745756577,0.0854439243715476
424,0.130894842384337,0.535123059286886,0.198511426587686,0.050028653539486,1.21976956956719,0.0862777945128262,1.01936600474037,0.826950708225647,0.175565781501169,0.153056640244318,0.0853838698697031
426.65,0.13120133343817,0.535106096002536,0.198557288372968,0.0500234201073817,1.2189155142632,0.0859736047481166,1.01905491936653,0.827069209232661,0.175458991562983,0.153414369020952,0.085324085998424
429.3,0.131508540520175,0.535087918833205,0.198603085584181,0.0500181830436591,1.21806517050709,0.0856705251067416,1.01874251541301,0.82718763470056,0.175352557081292,0.153772933934419,0.0852645619354961
431.95,0.131816465304029,0.535068567994709,0.19864881830413,0.0500129424618694,1.21721838923577,0.085368504878452,1.01842882525257,0.827305973489879,0.175246463349499,0.154132336839559,0.0852052872465041
434.6,0.13212510946708,0.535048082293655,0.198694486613136,0.0500076984708497,1.21637502672603,0.0850674951070711,1.01811388006447,0.827424214832446,0.175140696177829,0.154492579598042,0.0851462518708224
437.25,0.132434474690357,0.535026499176112,0.198740090589119,0.0500024511748922,1.21553494439987,0.0847674485285036,1.01779770987674,0.827542348318677,0.175035241874816,0.154853664078302,0.0850874461079908
439.9,0.132744562658588,0.535003854774646,0.198785630307683,0.0499972006739073,1.21469800863425,0.0844683195099209,1.01748034360607,0.827660363885059,0.174930087229143,0.155215592155472,0.0850288606043976
442.55,0.133055375060213,0.534980183953738,0.198831105842196,0.0499919470635814,1.21386409058434,0.0841700639933846,1.01716180909836,0.827778251802599,0.174825219492823,0.155578365711317,0.0849704863409036
445.2,0.1333669135874,0.534955520353686,0.198876517263866,0.0499866904355283,1.21303306600602,0.0838726394388952,1.01684213316549,0.82789600266505,0.174720626364223,0.155941986634178,0.0849123146204214
447.85,0.133679179936056,0.534929896432992,0.198921864641815,0.0499814308774355,1.21220481508927,0.0835760047709614,1.01652134162218,0.828013607377889,0.174616295972155,0.156306456818914,0.084854337056249
450.5,0.133992175805845,0.534903343509317,0.198967148043153,0.0499761684732054,1.21137922229849,0.0832801203273647,1.01619945932187,0.828131057147746,0.174512216860615,0.15667177816684,0.084796545560894
453.15,0.134305902900196,0.534875891799039,0.199012367533047,0.0499709033030912,1.21055617621378,0.0829849478079654,1.01587651018962,0.828248343471765,0.174408377973569,0.15703795258568,0.0847389323349644
455.8,0.134620362926325,0.534847570455455,0.199057523174786,0.0499656354438282,1.20973556938332,0.0826904502271806,1.01555251725566,0.828365458127765,0.174304768640819,0.15740498198951,0.0846814898568325
458.45,0.134935557595241,0.534818407605681,0.199102615029848,0.0499603649687598,1.20891729817946,0.0823965918675446,1.01522750268713,0.828482393164601,0.174201378564215,0.157772868298708,0.0846242108725622
461.1,0.135251488621763,0.534788430386288,0.199147643157962,0.0499550919479595,1.20810126265731,0.0821033382339024,1.01490148781779,0.828599140892597,0.174098197804063,0.158141613439909,0.0845670883860116
463.75,0.135568157724531,0.534757664977716,0.199192607617167,0.0499498164483487,1.20728736642291,0.0818106560107918,1.01457449317819,0.828715693874692,0.173995216766479,0.158511219345956,0.084510115649604
466.4,0.135885566626025,0.534726136637507,0.199237508463872,0.0499445385338093,1.20647551650448,0.0815185130206917,1.01424653852403,0.828832044917721,0.173892426191015,0.158881687955853,0.0844532861553135
469.05,0.13620371705257,0.5346938697324,0.199282345752913,0.0499392582652937,1.20566562322603,0.0812268781829235,1.01391764286295,0.828948187063805,0.173789817138487,0.159253021214729,0.0843965936258218
471.7,0.136522610734354,0.534660887769319,0.199327119537603,0.0499339757009292,1.20485760008921,0.0809357214752678,1.01358782448137,0.829064113582328,0.173687380979616,0.159625221073787,0.0843400320062445
474.35,0.13684224940544,0.534627213425292,0.199371829869789,0.0499286908961201,1.20405136365877,0.0806450138967003,1.01325710097025,0.829179817962133,0.173585109383994,0.159998289490274,0.0842835954561142
477,0.13716263480378,0.534592868576348,0.199416476799901,0.0499234039036454,1.20324683344941,0.0803547274304212,1.01292548924897,0.829295293903741,0.173482994309165,0.160372228427437,0.0842272783414588
479.65,0.137483768671222,0.534557874325413,0.199461060377,0.0499181147737531,1.20244393181938,0.0800648350091557,1.01259300558927,0.829410535312057,0.173381027990371,0.160747039854485,0.0841710752273568
482.3,0.137805652753531,0.53452225102924,0.199505580648825,0.049912823554251,1.20164258386904,0.0797753104820337,1.01225966563863,0.82952553628942,0.173279202930762,0.161122725746561,0.0841149808708328
484.95,0.138128288800396,0.534486018324412,0.199550037661841,0.0499075302905945,1.20084271733957,0.0794861285813843,1.01192548444168,0.829640291128581,0.173177511891609,0.161499288084701,0.0840589902137699
487.6,0.138451678565441,0.534449195152452,0.199594431461281,0.0499022350259713,1.20004426251708,0.0791972648912976,1.01159047646141,0.829754794306063,0.173075947883028,0.161876728855806,0.0840030983761955
490.25,0.138775823806243,0.534411799784053,0.199638762091187,0.0498969378013827,1.19924715214214,0.0789086958180061,1.01125465560027,0.829869040475924,0.172974504155246,0.16225505005261,0.0839473006499495
492.9,0.13910072628434,0.534373849842477,0.199683029594453,0.0498916386557221,1.19845132132011,0.0786203985604039,1.01091803521967,0.829983024463503,0.172873174189916,0.162634253673649,0.0838915924924074
495.55,0.139426387765242,0.534335362326147,0.199727234012864,0.0498863376258509,1.19765670743446,0.0783323510815028,1.01058062815874,0.83009674125937,0.17277195169172,0.163014341723236,0.0838359695204125
498.2,0.13975281001845,0.534296353630444,0.199771375387135,0.0498810347466716,1.19686325006521,0.0780445320816036,1.01024244675299,0.830210186013633,0.172670830580469,0.163395316211429,0.083780427504565
500.85,0.140079994817457,0.534256839568758,0.199815453756945,0.049875730051198,1.19607089091038,0.0777569209724514,1.00990350285241,0.830323354030467,0.172569804983498,0.163777179154011,0.0837249623637265
503.5,0.140407943939772,0.534216835392805,0.199859469160975,0.0498704235706233,1.19527957370778,0.0774694978513704,1.00956380783806,0.830436240762595,0.17246886922807,0.16415993257246,0.0836695701595443
506.15,0.140736659166922,0.53417635581224,0.19990342163694,0.0498651153343852,1.19448924416114,0.0771822434768593,1.00922337263853,0.830548841806089,0.172368017834205,0.164543578493929,0.08361424709128
508.8,0.141066142284468,0.534135415013588,0.199947311221627,0.0498598053702295,1.19369984987053,0.0768951392456222,1.00888220774639,0.830661152895487,0.17226724550793,0.164928118951222,0.0835589894909369
511.45,0.14139639508202,0.534094026678512,0.199991137950919,0.0498544937042706,1.19291134026319,0.0766081671696747,1.00854032323336,0.830773169898911,0.172166547134566,0.165313555982772,0.0835037938184231
514.1,0.14172741935324,0.534052204001454,0.200034901859832,0.0498491803610502,1.19212366652651,0.076321309854087,1.00819772876474,0.83088488881329,0.172065917772197,0.165699891632622,0.0834486566568558
516.75,0.142059216895862,0.53400995970666,0.200078602982542,0.0498438653635939,1.19133678154493,0.0760345504760691,1.00785443361396,0.830996305759898,0.171965352645539,0.166087127950405,0.083393574708145
519.4,0.1423917895117,0.533967306064604,0.200122241352416,0.0498385487334657,1.19055063983988,0.0757478727650837,1.0075104466767,0.831107416980108,0.171864847140109,0.166475266991326,0.0833385447887916
522.05,0.142725139006658,0.533924254907852,0.200165817002036,0.0498332304908204,1.18976519750927,0.0754612609826764,1.00716577648376,0.831218218831054,0.171764396796324,0.166864310816143,0.0832835638256489
524.7,0.143059267190745,0.533880817646365,0.200209329963227,0.0498279106544548,1.18898041217017,0.0751746999034028,1.00682043121376,0.831328707781532,0.17166399730391,0.167254261491152,0.0832286288519122
527.35,0.143394175878083,0.533837005282273,0.200252780267086,0.0498225892418557,1.18819624290511,0.0748881747969747,1.00647441870586,0.831438880408176,0.171563644496688,0.167645121088171,0.083173737003358
530,0.143729866886923,0.533792828424127,0.200296167944,0.0498172662692479,1.18741265020942,0.0746016714107228,1.00612774647178,0.831548733391693,0.171463334347431,0.168036891684525,0.0831188855146591
708.989898989899,0.168316123401656,0.530294426425876,0.203082938193424,0.0494542331408484,1.13455218107822,0.0548244750408585,0.981388344882006,0.838113572602075,0.164654656429451,0.196723780437156,0.0794186526754754
887.979797979798,0.197096125578972,0.526230880484549,0.205589292820806,0.0490821766003308,1.07978472202665,0.0333371783061255,0.954133301290361,0.842757522254734,0.15755320402975,0.230284748077324,0.0755849305418656
1066.9696969697,0.230780977167778,0.521685234619845,0.207817829278774,0.0486961997335389,1.02205932083892,0.00947610320118733,0.923983981882824,0.845249312812161,0.150017159680479,0.26953713720504,0.0715441524587241
1245.9595959596,0.270200411413537,0.51656810496745,0.209769150229722,0.0482909483312796,0.960888580870244,-0.0173269677097709,0.890364719609908,0.845335631240004,0.141958780484655,0.315430774398224,0.0672622006609171
1424.94949494949,0.316321624553385,0.510756604163756,0.21144107598861,0.0478610200915501,0.89590967477782,-0.0477357735108268,0.85261668508768,0.842677294024565,0.133300529024955,0.369065996824369,0.0627136772344474
1603.93939393939,0.370270461240658,0.504104668264717,0.212827369848908,0.0474010460578068,0.826884264429747,-0.0825552725961005,0.810015189328509,0.836811404257248,0.123976236650892,0.431712435392814,0.0578818985100823
1782.92929292929,0.433354818403002,0.496442124175303,0.213916059791966,0.046905819427691,0.753743819990766,-0.122776235654328,0.761790899023119,0.827102437998354,0.113938214135875,0.504826333476802,0.0527620673993536
1961.91919191919,0.507089640773145,0.487574206784947,0.214687176620933,0.0463705220581221,0.676647180712125,-0.1696377233548,0.707173739628526,0.812672435041655,0.103167395366041,0.590062223503435,0.0473653026498487
2140.90909090909,0.593221887596174,0.477284686730151,0.215109619063702,0.0457910789520878,0.596048317064744,-0.22471853391064,0.645477296842464,0.79230101439915,0.0916868487732399,0.689270195539027,0.0417233821945321
2319.89898989899,0.693751745313434,0.465346933972599,0.215136750726308,0.0451646794967996,0.512775885490061,-0.290072406743628,0.576250755499563,0.764286197407899,0.0795793887902137,0.804459881184055,0.0358943119843043
2498.88888888889,0.810941746144696,0.451550813864409,0.214700293005345,0.0444905173701134,0.428127950166846,-0.368426418493678,0.499537603994242,0.726267895297039,0.0670100903720435,0.937689020215286,0.0299689565116792
2677.87878787879,0.94729488365011,0.435759074850993,0.213702397960661,0.0437708130175947,0.343985300162098,-0.463460116134551,0.41628714272968,0.675065802185725,0.0542540359478203,1.09077827519901,0.0240789710113468
2856.86868686869,1.105457464032,0.418013516814599,0.212007435042259,0.043012175127156,0.262938172784567,-0.580146359400512,0.328938886373614,0.606753853553521,0.0417272326066713,1.26461256501467,0.0184056720949197
3035.85858585859,1.28793972995515,0.398711085645748,0.209440718182651,0.0422272795030151,0.188391108637429,-0.724939598150483,0.242079333469794,0.517676124166169,0.0300117151110598,1.45743627295979,0.0131873776046201
3214.84848484848,1.49640030357507,0.378842024291127,0.205816783786436,0.0414366047308084,0.124546189384093,-0.904669555600601,0.162782654147959,0.40810454909872,0.0198518920776412,1.66086085783765,0.00871823325688652
3393.83838383838,1.73003794019678,0.360176191348316,0.201044873905489,0.0406693429191352,0.0759136852765572,-1.11967992496966,0.0996830539187775,0.290159990771554,0.0120565563551773,1.85300883726656,0.005313957969359
3572.82828282828,1.98333647154859,0.344945314396264,0.195319310557674,0.039960342284477,0.0449451595042446,-1.34731707398177,0.0586408897970183,0.190445517991641,0.00708223591989882,2.00081230310387,0.00314616116529712
3751.81818181818,2.24671551518533,0.334422250870784,0.189140873009781,0.0393376696710215,0.0283126618311104,-1.54801929827109,0.0365489933026277,0.125698614651346,0.00441501627836047,2.09142073462171,0.00198188632817773
3930.80808080808,2.51161994241176,0.327974366700157,0.182990967048268,0.0388101407631727,0.0196875017025219,-1.70580939130971,0.0251931170076765,0.0883187812793412,0.00303716471007219,2.14210776241105,0.00137812511917653
4109.79797979798,2.77309542409352,0.324183031208432,0.177130976609913,0.0383712136330866,0.0148694443626046,-1.82770525977417,0.0189215543439655,0.0662110099255776,0.00227142655273132,2.17157572400149,0.00104086110538232
4288.78787878788,3.02872777147518,0.321918685761567,0.171659769869378,0.0380087409104338,0.01191321747178,-1.92397093024433,0.015109939020226,0.052223947281189,0.0018043470001518,2.19004105358484,0.0008339252230246
4467.77777777778,3.27738198810406,0.320504355040243,0.16659776189523,0.03771021225582,0.00995061474630035,-2.00215008782927,0.0125964234847518,0.0427844906038793,0.00149619499743398,2.20243543181073,0.000696543032241025
4646.76767676768,3.51854520824715,0.319570818586348,0.161931882628326,0.0374644922143261,0.00856589672249794,-2.06722716611965,0.0108308888774516,0.0360698337965142,0.00128015885753513,2.21122608762648,0.000599612770574856
4825.75757575758,3.75202272464471,0.318920324205808,0.157635905002471,0.0372621697745131,0.00754218496678812,-2.12250282103271,0.00952942723964073,0.0310903719829671,0.00112144609756556,2.21773576843533,0.000527952947675168
5004.74747474747,3.97779254667413,0.318444989251757,0.153679491051944,0.0370954547326483,0.0067573281549321,-2.17022498999678,0.00853353934183238,0.0272734701579088,0.00100050121393271,2.2227233459669,0.000473012970845247
5183.73737373737,4.1959311266158,0.318083722558685,0.15003222548331,0.0369579530810667,0.00613797486471841,-2.21197489435588,0.00774868122619569,0.0242686258272078,0.000905609194181354,2.2266505186667,0.000429658240530289
5362.72727272727,4.40657290349569,0.31780030800049,0.146665363800869,0.0368444332387227,0.00563768576254843,-2.24889913481322,0.0071152874806858,0.0218508359509895,0.000829373108407617,2.2298123905317,0.00039463800337839
5541.71717171717,4.60988699366573,0.317572233652999,0.143552508966569,0.036750617666242,0.00522574287210185,-2.28185196314573,0.00659409576292671,0.0198697512655181,0.000766914649654357,2.23240553371898,0.000365802001047129
5720.70707070707,4.80606311579815,0.317384866828783,0.140669779318152,0.0366730073333089,0.00488106903126801,-2.31148505022367,0.00615823455487881,0.0182214435064252,0.000714897293339815,2.23456551764058,0.00034167483218876
5899.69696969697,4.99530275955441,0.317228309923623,0.137995738287821,0.0366087373482126,0.00458874725649426,-2.33830586214249,0.00578872153290982,0.0168319689297215,0.000670967723864652,2.23638863805514,0.000321212307954598
6078.68686868687,5.1778134709971,0.317095633619524,0.135511219402315,0.0365554594184041,0.00433793736098961,-2.36271672340826,0.00547178158972898,0.0156473966691527,0.000633421894396628,2.23794504559979,0.000303655615269273
6257.67676767677,5.35380506463726,0.316981841966858,0.133199113200386,0.0365112465148473,0.00412057998223318,-2.38504165159889,0.00519718440103136,0.0146275379662543,0.000600997579311545,2.23928697273099,0.000288440598756323
6436.66666666667,5.52348706723182,0.316883241507481,0.131044149092708,0.0364745155944277,0.00393056305214442,-2.40554523259555,0.00495717808235509,0.0137418770146179,0.000572741150895324,2.24045405861492,0.00027513941365011
6615.65656565657,5.68706697219633,0.316797042368294,0.129032687929889,0.0364439649038023,0.00376316982664009,-2.42444618212967,0.00474578451687178,0.0129668566242227,0.00054791950383032,2.24147689635094,0.000263421887864806
6794.64646464646,5.84474904092747,0.316721097656466,0.127152532090035,0.0364185230324957,0.00361470383752396,-2.44192727983504,0.00455832133203172,0.0122840228767858,0.000525960318799589,2.24237944826999,0.000253029268626677
6973.63636363636,5.99673348108434,0.316653728236925,0.125392755267331,0.0363973074373122,0.00348222821269833,-2.45814277018945,0.00439107007811021,0.0116787292241826,0.000506410623342713,2.24318073407903,0.000243755974888883
7152.62626262626,6.14321588947582,0.316593601905317,0.12374355180331,0.036379590614742,0.00336338076611235,-2.47322396371102,0.00424104110311493,0.011139213607014,0.000488907459188373,2.24389603085954,0.000235436653627865
7331.61616161616,6.28438688358154,0.316539648199159,0.122196104287343,0.0363647724629079,0.00325624042911528,-2.48728353585192,0.00410580385934946,0.0106559296933692,0.000473156741281909,2.24453774209116,0.00022793683003807
7510.60606060606,6.42043186928835,0.316490997144648,0.120742467691513,0.0363523576647609,0.00315922917008173,-2.50041886928574,0.00398336238704087,0.0102210545798819,0.00045891777049272,2.24511603544932,0.000221146041905721
7689.59595959596,6.55153090802004,0.316446934437556,0.119375468188351,0.0363419371542865,0.00307103890523376,-2.51271468169392,0.00387206258221192,0.00982812122045707,0.000445991721032951,2.24563932198483,0.000214972723366363
7868.58585858586,6.67785865697325,0.31640686813153,0.11808861485788,0.0363331729100072,0.00299057627753423,-2.5242451160107,0.00377052217180624,0.0094717403483072,0.000434212964931324,2.24611461365732,0.000209340339427396
8047.57575757576,6.79958436342591,0.316370303527234,0.1168760226306,0.0363257854652458,0.00291692043576414,-2.53507541687753,0.0036775771984023,0.00914738764715712,0.000423442456529494,2.24654780217973,0.00020418443050349
8226.56565656566,6.91687189915139,0.31633682399958,0.115732344984608,0.0363195436404323,0.00284929036840355,-2.54526328997796,0.00359224063228127,0.00885123902003017,0.000413562628313637,2.24694386976681,0.000199450325788249
8405.55555555555,7.02987982457914,0.316306076187002,0.114652715091562,0.036314256095549,0.00278701938018086,-2.55486001130954,0.00351367004447637,0.00858004184501753,0.000404473413982651,2.24730705741397,0.00019509135661266
8584.54545454546,7.13876147493518,0.316277758427436,0.113632694273783,0.0363097643753958,0.00272953494929194,-2.56391134056393,0.00344114210267315,0.00833101339409754,0.000396089118942972,2.24764099642886,0.000191067446450436
8763.53535353535,7.24366506248743,0.316251611640181,0.112668226787604,0.0363059371805559,0.00267634269149159,-2.57245827823792,0.00337403227267683,0.00810175999968921,0.000388335936109511,2.24794881339064,0.000187343988404411
8942.52525252525,7.34473379042252,0.316227412070845,0.1117556000838,0.0363026656456634,0.00262701348659298,-2.58053769762205,0.00331179852693624,0.00789021221125697,0.000381149957456564,2.24823321376615,0.000183890944061509
9121.51515151515,7.44210597491724,0.316204965470031,0.110891409814635,0.0362998594461457,0.00258117306396049,-2.58818287565633,0.00325396816786528,0.0076945723901234,0.000374475570110274,2.24849654886335,0.000180682114477234
9300.50505050505,7.53591517275734,0.316184102385898,0.110072528959903,0.0362974435867954,0.00253849352116735,-2.59542394067965,0.00320012709916843,0.00751327207422377,0.000368264153946032,2.24874087266843,0.000177694546481715
9479.49494949495,7.62629031245108,0.316164674329712,0.109296080532835,0.0362953557518097,0.002498686363233,-2.60228825338355,0.00314991102229711,0.00734493704324279,0.000362473015820815,2.24896798572071,0.00017490804542631
9658.48484848485,7.71335582724293,0.316146550631314,0.108559413402534,0.0362935441173981,0.00246149676353964,-2.60880073091613,0.00310299817916445,0.00718835854647645,0.00035706451332338,2.24917947535907,0.000172304773447775
9837.47474747475,7.79723178878733,0.316129615843878,0.107860080834479,0.0362919655456424,0.00242669878722279,-2.61498412690884,0.00305910331295079,0.00704246942109332,0.00035200532761365,2.24937674121967,0.000169868915105595
10016.4646464646,7.87803404051466,0.316113767589366,0.107195821405963,0.0362905840926883,0.00239409141888381,-2.62085926998694,0.00301797264641546,0.00690632423551406,0.000347265860261186,2.24956102702009,0.000167586399321867
10195.4545454545,7.95587432994043,0.316098914759666,0.106564542000635,0.0362893697761905,0.00236349521584247,-2.62644527245365,0.00297937965164225,0.00677908261985073,0.000342819726517133,2.24973343837065,0.000165444665108973
10374.4444444444,8.0308604393336,0.31608497600691,0.105964302626656,0.036288297556641,0.00233474949321804,-2.63175971019396,0.00294312149237549,0.0066599952581841,0.000338643330170533,2.24989496309031,0.000163432464525263
10553.4343434343,8.10309631429723,0.316071878470116,0.105393302837448,0.0362873464951877,0.00230770993171225,-2.63681878086017,0.00290901600097203,0.00654839202519261,0.000334715503196586,2.25004648335656,0.000161539695219858
10732.4242424242,8.17268218992164,0.316059556696088,0.104849869563526,0.0362864990571411,0.00228224655115476,-2.64163744053914,0.00287689911776199,0.00644367193918054,0.000331017201189511,2.25018879297266,0.000159757258580833
10911.4141414141,8.23971471424901,0.316047951720956,0.104332446189171,0.0362857405357553,0.0022582419682705,-2.64622952571726,0.00284662268983147,0.00634529456654734,0.000327531242175427,2.25032260456699,0.000158076937778935
11090.404040404,8.30428706886508,0.316037010285047,0.103839582729296,0.0362850585753368,0.00223558991248856,-2.65060785869133,0.00281805259592111,0.00625277269422797,0.000324242084553619,2.25044856381065,0.000156491293874199
11269.3939393939,8.36648908648104,0.316026684159136,0.103369926980571,0.0362844427764032,0.0022141939378628,-2.65478434260142,0.00279106711928568,0.0061656660069707,0.000321135634832686,2.25056725437582,0.000154993575650396
11448.3838383838,8.42640736541635,0.316016929564004,0.102922216536747,0.0362838843686175,0.00219396630961882,-2.65877004570341,0.00276555554125377,0.00608357563603841,0.00031819908176656,2.25067920199716,0.000153577641673317
11627.3737373737,8.48412538092464,0.316007706668644,0.102495271572026,0.0362833759397574,0.0021748270522336,-2.66257527353555,0.00274141693882746,0.00600613948120554,0.000315420754771684,2.25078488893751,0.000152237893656352
11806.3636363636,8.53972359333895,0.315998979154893,0.102087988308167,0.0362829112109807,0.00215670310261368,-2.66620963689622,0.00271855911522005,0.00593302809995729,0.000312789998271199,2.25088475217875,0.000150969217182957
11985.3535353535,8.59327955302925,0.3159907138385,0.101699333091332,0.0362824848503998,0.00213952758218003,-2.66968211034323,0.00269689768055436,0.00586394115974577,0.000310297063829283,2.25097919069539,0.000149766930752602
12164.3434343434,8.64486800218663,0.315982880338265,0.101328337013606,0.0362820923183133,0.00212323915623943,-2.67300108525681,0.00267635524286509,0.0057986043311463,0.000307933015382704,2.25106856927616,0.00014862674093676
12343.3333333333,8.6945609734633,0.315975450786301,0.100974091021875,0.0362817297386605,0.00210778147243853,-2.6761744172895,0.00265686069900317,0.00573676656999134,0.000305689646293395,2.25115322269836,0.000147544703070697
12522.3232323232,8.74242788550675,0.315968399573517,0.100635741463462,0.0362813937921614,0.00209310266350686,-2.67920946965412,0.00263834860677032,0.00567819772341011,0.000303559406008058,2.25123345708262,0.000146517186445481
12701.3131313131,8.78853563544091,0.315961703125512,0.10031248602381,0.0362810816274174,0.00207915491262885,-2.68211315126811,0.00262075863613673,0.0056226864341076,0.000301535336028458,2.25130955471025,0.00014554084388402
12880.303030303,8.83294868834429,0.315955339704689,0.100003570016609,0.0362807907869021,0.00206589406521814,-2.68489195196972,0.00260403507909172,0.00557003828124662,0.000299611012796101,2.25138177536069,0.000144612584565269
13059.2929292929,8.87572916379538,0.315949289235022,0.0997082829912551,0.0362805191452748,0.00205327928493996,-2.68755197432209,0.00258812641537605,0.00552007413702848,0.000297780497143043,2.25145035785703,0.000143729549945797
13238.2828282828,8.91693691954205,0.315943533146607,0.0994259556264111,0.0362802648579263,0.00204127275108077,-2.69009896178313,0.00257298493041435,0.00547262871811774,0.000296038289859715,2.25151552425231,0.000142889092575654
13417.2727272727,8.95662963237266,0.315938054237371,0.0991559568819429,0.0362800263180087,0.00202983938339719,-2.69253832546807,0.00255856636798274,0.00542754928387775,0.000294379291346567,2.2515774789378,0.000142088756837803
13596.2626262626,8.99486287625413,0.315932836549763,0.0988976913844658,0.0362798021205035,0.00201894659904497,-2.69487516795423,0.00254482962337013,0.00538469448421273,0.000292798765997558,2.25163641012348,0.000141326261933148
13775.2525252525,9.03169019781343,0.315927865260641,0.0986505970244161,0.0362795910321468,0.00200856409872041,-2.69711430419799,0.00253173647340709,0.00534393334106284,0.000291292310884796,2.25169249445211,0.000140599486910429
13954.2424242424,9.0671631892344,0.315923126582634,0.0984141427449239,0.0362793919662108,0.00199866366921795,-2.69926028186584,0.00251925132725601,0.00530514432270176,0.000289855826877375,2.25174589625617,0.000139906456845257
14133.2323232323,9.10133155864142,0.315918607675696,0.0981878265048024,0.0362792039613383,0.00198921900450391,-2.70131740027846,0.00250734100058714,0.00526821451045352,0.000288485492488933,2.25179676549064,0.000139245330315274
14312.2222222222,9.13424319805022,0.315914296567575,0.0979711733998377,0.0362790261637399,0.00198020555376616,-2.70328972578247,0.00249597452376303,0.00523303887465216,0.00028717774167179,2.25184524399537,0.000138614388763631
14491.2121212121,9.16594424895196,0.315910182082188,0.0977637339281318,0.0362788578122009,0.0019716003752106,-2.70518110786775,0.00248512295732982,0.00519951959949946,0.00028592924247443,2.2518914630515,0.000138012026264742
14670.202020202,9.19647916560666,0.315906253775056,0.0975650823867522,0.0362786982254251,0.00196338201024396,-2.70699519260576,0.00247475923321158,0.00516756549128445,0.000284736878678597,2.25193554678701,0.000137436740717077
14849.1919191919,9.22589077611717,0.31590250187489,0.0973748153881439,0.0362785467913412,0.00195553036232793,-2.70873543663381,0.0024648580018402,0.00513709142539656,0.000283597732134129,2.25197760870731,0.000136887125362955
15028.1818181818,9.25422034135337,0.315898917230731,0.0971925504859974,0.0362784029580341,0.00194802659549252,-2.71040511819827,0.00245539550405825,0.00510801786820533,0.000282509067960067,2.25201775608815,0.000136361861684477
15207.1717171717,9.2815076117956,0.315895491264041,0.0970179249011604,0.03627826622605,0.00194085303844056,-2.7120073481823,0.0024463494501009,0.00508027043441822,0.000281468320570273,2.25205609062546,0.000135859712690839
15386.1616161616,9.30779088236604,0.315892215925151,0.0968505943391658,0.0362781361418455,0.0019339930944804,-2.71354508094299,0.00243769890594874,0.00505377947832692,0.000280473080555482,2.25209270639076,0.000135379516613628
15565.1515151515,9.33310704531219,0.315889083653657,0.0966902318917525,0.0362780122921951,0.00192743116197664,-2.71502112378676,0.00242942419294344,0.0050284797290661,0.000279521083099475,2.25212769021772,0.000134920181338365
15744.1414141414,9.35749164120948,0.315886087342364,0.096536527015403,0.0362778942994137,0.00192115256679277,-2.71643814462024,0.00242150680251591,0.00500430997178192,0.000278610198141487,2.25216112672382,0.000134480679675494
15923.1313131313,9.38097890814278,0.315883220304354,0.0963891845806768,0.0362777818172533,0.00191514348929626,-2.71779868160396,0.00241392930410759,0.00498121272814142,0.000277738419757267,2.25219309244196,0.000134060044250738
16102.1212121212,9.40360182913232,0.315880476242913,0.0962479239866041,0.0362776745273721,0.00190939090909609,-2.71910514950905,0.00240667527541485,0.00495913399460743,0.000276903858115843,2.25222366112805,0.000133657363636726
16281.1111111111,9.42539217785884,0.315877849224035,0.0961124783349699,0.0362775721362964,0.00190388254654231,-2.72035984742315,0.0023997292285866,0.00493802298311308,0.000276104730971837,2.25225290129784,0.000133271778257962
16460.101010101,9.44638056275022,0.315875333651214,0.0959825936597834,0.0362774743727826,0.00189860681394751,-2.72156496481174,0.0023930765486673,0.00491783189644652,0.000275339356570754,2.25228087852428,0.000132902476976325
16639.0909090909,9.46659646948346,0.315872924242292,0.0958580282076274,0.036277380985534,0.00189355276671544,-2.72272258810109,0.00238670343194275,0.00489851571212184,0.000274606146544258,2.25230765371843,0.000132548693670081
16818.0808080808,9.48606830195697,0.315870616008258,0.0957385517650049,0.0362772917412089,0.0018887100625006,-2.72383470587938,0.0023805968344015,0.00488003199472536,0.00027390359997223,2.25233328541001,0.000132209704375042
16997.0707070707,9.50482342178637,0.315868404233702,0.0956239450290527,0.0362772064226832,0.00188406891670087,-2.72490321534596,0.00237474441560115,0.00486234070599679,0.000273230296915827,2.25235782528659,0.000131884824169061
17176.0606060606,9.52288818637659,0.315866284458832,0.0955139990184496,0.0362771248275247,0.00187962007563272,-2.72592992506112,0.0023691345047827,0.00484540406654961,0.000272584894515384,2.2523813275938,0.00013157340529429
17355.0505050505,9.54028798561715,0.315864252462893,0.095408514521447,0.0362770467666513,0.00187535477317163,-2.72691656182636,0.00236375604620696,0.00482918638114382,0.000271966120693614,2.25240384009673,0.000131274834122014
17534.0404040404,9.55704727725105,0.315862304248912,0.0953073015783374,0.0362769720631565,0.00187126470418608,-2.72786477399864,0.0023585985656191,0.00481365391215723,0.000271372770294363,2.25242540856529,0.000130988529293025
17713.0303030303,9.57318962096406,0.315860436029509,0.0952101789958662,0.0362769005512529,0.00186734199660258,-2.72877613537958,0.00235365213500176,0.00479877475430884,0.000270803701024118,2.25244607773934,0.000130713939762181
17892.0202020202,9.58873771123699,0.31585864421384,0.0951169738912611,0.0362768320753481,0.00186357917948932,-2.72965215027544,0.00234890733233172,0.00478451870362331,0.000270257828817675,2.25246588637473,0.000130450542564253
18071.0101010101,9.60371340901015,0.315856925395519,0.0950275212637889,0.0362767664892162,0.00185996916675931,-2.73049425514621,0.00234435522098573,0.00477085717008412,0.000269734125468568,2.25248487545808,0.000130197841673152
18250,9.61813777219378,0.315855276341389,0.094941663591912,0.0362767036552558,0.00185650522740299,-2.73130382358348,0.00233998731221563,0.00475776305962961,0.000269231614307937,2.2525030816992,0.00012995536591821
