Time,Vultures,Jackals,Hyenas,Lions,Carrion 1,Carrion 2,Log10Carrion1,Log10Carrion2,JackalRemovalRate1,HyenaRemovalRate1,LionRemovalRate1,VultureRemovalRate1,DecayRate1,JackalRemovalRate2,HyenaRemovalRate2,LionRemovalRate2,DecayRate2
0,0.09,0.35,0.19,0.05,0.0017,0.353497708179447,-2.76955107862173,-0.451613397505685,0.00163612895394779,0.00290341227691026,0.000305298747109345,0.0196299652774242,0.000119,0.340216373827399,0.603735050463438,0.0634837690665942,0.0247448395725613
2.65,0.0902062903554796,0.353261961507228,0.190050687952829,0.0499922780991853,0.789244335449244,0.87574302135043,-0.102788526435382,-0.0576233148165223,0.356172001863233,0.388285746756737,0.102965100340962,0.105130063767142,0.0552471034814471,0.395207328101499,0.430840637986334,0.114249750066205,0.0613020114945301
5.3,0.0904169591556986,0.357360806180689,0.190113366173522,0.0500048752094072,1.00058259866079,1.1039184846906,0.000252945707782202,0.0429370054981686,0.387213971531854,0.397457759618265,0.119595557934831,0.105584671323031,0.0700407819062552,0.427203772358812,0.438505495012172,0.131946875018465,0.0772742939283418
7.95,0.0906284152422796,0.361629396764094,0.190178127251601,0.0500236175045103,1.09010278236353,1.20271251865433,0.037467448132251,0.0801618314276545,0.400744995830985,0.400105112375055,0.125813823459686,0.105896039076888,0.0763071947654474,0.442142732843028,0.441436748182336,0.138810635972001,0.0841898763058028
10.6,0.0908404655959515,0.365938966623148,0.190243568686536,0.0500446873525823,1.12535821144866,1.24192102767832,0.0512907842192466,0.0940939804347915,0.408734910117692,0.401082737311987,0.128175838753789,0.106166447764195,0.0787750748014065,0.451071022948258,0.442626250236643,0.141452088560956,0.0869344719374825
13.25,0.0910530436936939,0.370238774657724,0.190309187700462,0.0500664777887466,1.13350999519999,1.2512304890114,0.0544253540532388,0.0973373183948674,0.414235838849241,0.401370184920957,0.128751193365247,0.106419937045529,0.0793456996639991,0.457256233649654,0.4430544193522,0.142122627341082,0.0875861342307981
15.9,0.0912661199176228,0.374503838011689,0.190374754930467,0.050088212346465,1.1277623460713,1.24518824249873,0.0522175901934141,0.0952350112700089,0.418441332349051,0.4013213182169,0.12842876394661,0.106665414916737,0.078943364224991,0.462010661228087,0.443108061417915,0.141801140481465,0.0871631769749108
18.55,0.0914796797807328,0.378720434904694,0.190440154712176,0.0501094975587894,1.11499215827257,1.23138194793406,0.047271813006666,0.0903927825427058,0.421916026308051,0.401097662627293,0.127645486646693,0.10690695213132,0.0780494510790799,0.465958235208325,0.442966721741783,0.140969913398774,0.0861967363553845
21.2,0.0916937160920781,0.38288051478166,0.190505326477814,0.0501301345337874,1.09887023640444,1.21386386913988,0.0409464104027077,0.0841699847653115,0.424953703946423,0.40078151906948,0.126630209653785,0.107146622740321,0.0769209165483106,0.469423895732743,0.442722160725068,0.139881699538329,0.0849704708397919
23.85,0.0919082254830196,0.38697910988652,0.190570238521504,0.050150027717105,1.08136130146595,1.19480380257667,0.0339708234784436,0.0772965961177587,0.427714486407277,0.40041708959179,0.125506020914201,0.10738554342763,0.0756952911026162,0.472584781870553,0.442423693738979,0.13867249626121,0.0836362661803668
26.5,0.0921232066700664,0.391013004411769,0.190634874828756,0.0501691373108343,1.06350532649375,1.17535086602067,0.0267396693784273,0.0701675316547896,0.430287449360788,0.400028665248463,0.12433952095446,0.10762433101602,0.0744453728545623,0.475539438915071,0.442098432814608,0.137415920723438,0.0822745606214467
29.15,0.0923386595276387,0.394980011512078,0.190699228045499,0.0501874535747887,1.04584005384747,1.15609968011504,0.0194652705322966,0.0629952810201395,0.432722556796377,0.399629700326888,0.123166517199549,0.107863329872496,0.0732088037693232,0.478343134450092,0.441761402245706,0.136151575579309,0.0809269776080529
31.8,0.0925545845779892,0.398878570839921,0.190763295618399,0.0502049827798551,1.02863246090955,1.13734582417814,0.0122602253821662,0.0558925374198886,0.435047999169228,0.3992276606339,0.122005969889149,0.108102733350721,0.0720042722636686,0.481027037329403,0.441420944772516,0.134900448558203,0.0796142076924696
34.45,0.0927709827080107,0.402707522865215,0.190827077658829,0.0502217395384997,1.01200544767332,1.11922569386921,0.0051828503378657,0.0489176716209501,0.437279877483151,0.398826699239908,0.120867672663071,0.108342650960339,0.0708403813371324,0.483608932556959,0.441081705851097,0.133673395843567,0.0783457985708446
37.1,0.0929878550123545,0.40646598233683,0.190890575763722,0.0502377426501724,0.996006578690847,1.10179241202396,-0.00173779302238848,0.0420997770884265,0.439427647948132,0.398429147306824,0.119756480833138,0.108583145932411,0.0697204605083593,0.486099247235059,0.440746296885748,0.13247581360966,0.077125468841677
39.75,0.0932052027071557,0.410153267306956,0.190953792369146,0.0502530128751864,0.980644904600214,1.08505650290776,-0.00848822390487697,0.0354523540943411,0.441497164551368,0.398036341575002,0.118674619160283,0.108824256164361,0.068645143322015,0.488504419045646,0.440416218749072,0.131310188474862,0.0759539552035433
42.4,0.0934230270829493,0.413768858965042,0.191016730398291,0.0502675717554489,0.965910386880967,1.06900735652497,-0.0150631637381231,0.0289806938778222,0.443492357186945,0.397649078679379,0.11762292563656,0.10906600577294,0.0676137270816677,0.490828754752659,0.44009236902017,0.130177472474958,0.074830514956748
45.05,0.0936413294790684,0.417312378277063,0.191079393070117,0.0502814409959121,0.951783975769664,1.05362436871512,-0.0214616112554731,0.0226858066349361,0.445416141658227,0.397267861054849,0.116601512504272,0.109308411374254,0.0666248783038765,0.493075438353196,0.439775316637625,0.12907781401152,0.0737537058100586
47.7,0.0938601112696348,0.420783571608534,0.191141783794397,0.0502946421422389,0.938242746379651,1.03888262099221,-0.0276847844629413,0.0165664812096248,0.447270903698635,0.396893028035675,0.115610112879349,0.109551485442966,0.0656769922465756,0.49524706747903,0.439465448371709,0.128010941246013,0.0727217834694549
50.35,0.0940793738557073,0.424182301040504,0.191203906112539,0.0503071964130353,0.925262465596431,1.02475572071916,-0.0337350551620319,0.0106203514528778,0.449058750996992,0.396524824776183,0.114648260561609,0.109795238080781,0.0647683725917502,0.497345932785178,0.439163045844108,0.126976361032085,0.0717329004503415
53,0.0942991186606507,0.427508537074306,0.191265763662356,0.0503191246120532,0.912818845702468,1.011217189306,-0.0396154022225092,0.00484444341190115,0.45078164135204,0.396163438112923,0.113715382814296,0.110039677934722,0.0638973191991728,0.499374160059067,0.438868325605243,0.125973461581894,0.0707852032514203
55.65,0.0945193471271693,0.430762352517975,0.191327360155288,0.0503304470817177,0.900888137811252,0.99824112024185,-0.0453291314929814,-0.000764544341355611,0.45244144605793,0.395809015182312,0.112810848451944,0.110284812669789,0.0630621696467877,0.501333780522412,0.438581459932816,0.125001565685723,0.0698768784169295
58.3,0.094740060715199,0.433943916940747,0.191388699360119,0.0503411836782536,0.889447398682406,0.985802475756352,-0.0508797307025537,-0.0062100954874701,0.454039980166743,0.39546167321171,0.11193399328429,0.11053064921271,0.0622613179077684,0.503226764397522,0.438302587759948,0.1240599588738,0.0690061733029447
60.95,0.094961260900244,0.437053491396107,0.191449785090162,0.0503513537584526,0.878474598350754,0.973877207278434,-0.0562707918870619,-0.0114957983197773,0.455579016220458,0.39512150487507,0.111084134185945,0.110777193880478,0.0614932218845528,0.505055036132401,0.438031820642063,0.123147904990141,0.0681714045094904
63.6,0.0951829491719545,0.440091423276196,0.191510621192419,0.0503609761730799,0.867948651229064,0.962442291134675,-0.0615059673897723,-0.0166253017084396,0.457060289966983,0.394788581456642,0.110260577450912,0.111024452452124,0.0607564055860345,0.506820480727273,0.437769246271531,0.122264655441791,0.0673709603794273
66.25,0.0954051270328454,0.44305814124204,0.191571211537953,0.0503700692643883,0.857849410885364,0.95147572397392,-0.0665889426424718,-0.0216022878590045,0.458485502333603,0.394462954944702,0.109462624228609,0.111272430213089,0.0600494587619755,0.508524945904179,0.437514930796003,0.121409455219546,0.0666033006781744
68.9,0.0956277959971068,0.445954150213857,0.191631560013127,0.0503786508664223,0.848157647811984,0.940956499300455,-0.0715234175409796,-0.0264304536720617,0.459856319753241,0.394144659604656,0.108689574406594,0.111521131986667,0.0593710353468389,0.510170242445447,0.437268920555415,0.120581547201655,0.0658669549510318
71.55,0.095850957589485,0.448780026424093,0.191691670511533,0.0503867383073875,0.838855019401382,0.930864575318956,-0.0763130924665979,-0.0311134967519624,0.461174373844074,0.393833713294383,0.107940729602793,0.111770562159447,0.0587198513580968,0.511758143812142,0.437031243532021,0.119780175474213,0.0651605202723269
74.2,0.0960746133442238,0.451536412543673,0.19175154692651,0.0503943484136452,0.829924036528892,0.921180838964858,-0.080961657052967,-0.0356551041624039,0.462441260904629,0.393530118644456,0.107215395591396,0.11202072470401,0.0580946825570224,0.513290385555983,0.436801910650795,0.119004588027007,0.0644826587275401
76.85,0.0962987648040598,0.45422401289463,0.191811193144208,0.0504014975150392,0.821348028873031,0.911887068481174,-0.0854727807710602,-0.0400589430008881,0.463658541427578,0.393233864158756,0.106512884325965,0.112271623200318,0.0574943620211122,0.514768664750775,0.436580916992356,0.118254039005544,0.0638320947936822
79.5,0.0965234135192713,0.456843588762507,0.191870613037172,0.0504082014513339,0.813111110039134,0.902965895723745,-0.0898501048612945,-0.0443286523207008,0.464827739713983,0.392944925259654,0.105832515647805,0.112523260856419,0.0569177777027394,0.516194639534417,0.436368242945428,0.117527790616486,0.0632076127006622
82.15,0.0967485610467778,0.4593959538211,0.191929810458413,0.0504144755795839,0.805198143048734,0.894400768819729,-0.0940972353539469,-0.0484678361414374,0.465950343614255,0.392663265287635,0.105173618732318,0.112775640528711,0.0563638700134114,0.517569928791034,0.436163855309922,0.116825114744514,0.062608053817381
84.8,0.0969742089492899,0.461881969680759,0.191988789235943,0.0504203347822847,0.79759470651289,0.886175915533847,-0.0982177370182043,-0.0524800573882322,0.467027804397786,0.392388836459009,0.104535533309139,0.113028764741799,0.0558316294559023,0.51889611197574,0.435967708354773,0.116145294320039,0.0620323140873693
87.45,0.0972003587945086,0.464302541570033,0.192047553167771,0.0504257934761715,0.79028706168294,0.878276307558686,-0.10221512812746,-0.0563688326472896,0.468061536743322,0.392121580782862,0.103917610683477,0.11328263570797,0.0553200943178058,0.520174729073441,0.435779744831778,0.115487624467806,0.061479341529108
90.1,0.0974270121543723,0.466658614158919,0.192106106017319,0.0504308656215507,0.783262120505157,0.870687625868655,-0.106092875951166,-0.0601376276493095,0.469052918839605,0.391861430938145,0.103319214581663,0.113537255346229,0.054828348435361,0.52140728067869,0.435599896945074,0.114851413461313,0.0609481338108058
92.75,0.0976541706043512,0.468951167530572,0.192164451509249,0.050435564732059,0.776507414753511,0.863396227227768,-0.109854392902377,-0.0637898534070405,0.470003292581758,0.391608311109368,0.102739721839999,0.113792625300863,0.0543555190327458,0.522595228184051,0.435428087277434,0.114235983504734,0.0604377359059438
95.4,0.0978818357227873,0.471181213306912,0.19222259332569,0.0504399038847608,0.77001106629923,0.856389111911633,-0.113503033271472,-0.0673288629408362,0.470913963854258,0.391362137782779,0.102178522955312,0.114048746959494,0.0539007746409461,0.523739994062911,0.435264229671977,0.113640671361647,0.0599472378338143
98.05,0.0981100090902788,0.473349790932329,0.192280535102821,0.0504438957305008,0.763761758540902,0.849653892677241,-0.117042090490642,-0.0707579485342186,0.471786202887471,0.391122820501877,0.101635022512421,0.114305621470588,0.0534633230978631,0.524842962235438,0.435108230070574,0.113064828847926,0.0594757724874069
100.7,0.0983386922891075,0.475457964118459,0.19233828042782,0.0504475525044421,0.757748709012534,0.84317876499777,-0.120474794873518,-0.074080339465992,0.472621244679422,0.390890262583836,0.101108639503319,0.114563249760396,0.0530424096308774,0.525905478505952,0.434959987308459,0.11250782320449,0.0590225135498439
103.35,0.0985678869027078,0.477506817451948,0.192395832836137,0.0504508860367254,0.751961643163516,0.836952478563131,-0.123804311785059,-0.0772992001712625,0.473420289471571,0.390664361795979,0.100598807550336,0.114821632549287,0.0526373150214461,0.526928851062614,0.434819393866781,0.111969037364105,0.0585866734994192
106,0.098797594515176,0.479497453166061,0.192453195809088,0.0504539077631953,0.746390769306301,0.830964310037383,-0.127033740194202,-0.0804176287871056,0.47418450327298,0.390445010994762,0.100104975045655,0.115080770367483,0.0522473538514411,0.527914351029374,0.434686336582568,0.111447870124966,0.0581675017026168
108.65,0.099027816710817,0.48143098807615,0.192510372771737,0.0504566287361441,0.741026754708416,0.825204037053294,-0.130166111571997,-0.0834386560434328,0.474915018423862,0.390232098727017,0.0996266052171545,0.115340663570162,0.0518718728295891,0.528863213062824,0.434560697317906,0.110943736242641,0.0577642825937306
111.3,0.0992585550737296,0.483308550678118,0.192567367091064,0.0504590596350321,0.73586070280419,0.819661913418025,-0.133204389098669,-0.0863652444628179,0.475612934192222,0.39002550979464,0.099163176130112,0.115601312351931,0.0515102491962933,0.529776635986626,0.434442353589282,0.110456066450724,0.0573763339392618
113.95,0.0994898111874253,0.485131278408299,0.192624182074391,0.0504612107771478,0.730884131497044,0.814328645498347,-0.136151467146103,-0.0892002878363523,0.476279317398201,0.389825125784109,0.0987141806333092,0.115862716760669,0.0511618892047931,0.530655783456866,0.43433117915802,0.109984307419496,0.0570030051848843
116.6,0.0997215866344823,0.486900315062528,0.192680820968052,0.0504630921281755,0.726088952517731,0.809195369749491,-0.139010171006319,-0.0919466109457203,0.476915203060612,0.389630825561814,0.0982791262570624,0.116124876710733,0.0508262266762412,0.531501784652703,0.434227044583208,0.109527921660946,0.0566436758824644
119.25,0.0999538829962304,0.488616808371578,0.192737286956289,0.0504647133126452,0.721467451802221,0.804253631348865,-0.141783256838734,-0.0946069695043717,0.477521595061116,0.38944248573647,0.0978575350699572,0.116387791995535,0.0505027216261555,0.532315734987148,0.434129817738397,0.109086387387628,0.0562977541944206
121.9,0.100186701852468,0.49028190772966,0.192793583160368,0.0504660836242401,0.717012270851533,0.79949536389379,-0.144473411811269,-0.097184050293209,0.478099466822178,0.389259981090069,0.0974489435004053,0.116651462299497,0.0501908589596073,0.533098696833282,0.434039364293299,0.108659198331983,0.0559646754725653
124.55,0.100420044781205,0.491896762072227,0.192849712637883,0.0504672120359438,0.712716389032417,0.794912870121104,-0.147083254414067,-0.0996804714684955,0.478649761994366,0.389083184978114,0.097052902128206,0.116915887209395,0.0498901472322692,0.533851700262247,0.433955548162294,0.108245863532129,0.0556439009084773
127.2,0.10065391335844,0.493462517898972,0.192905678382253,0.0504681072100099,0.708573106779898,0.790498803606052,-0.149615334925127,-0.102098783021694,0.47917339515006,0.388911969700664,0.0966689754509921,0.117181066225094,0.0496001174745929,0.534575743789318,0.433878231921022,0.107845907089399,0.0553349162524236
129.85,0.100888309157952,0.494980317437589,0.19296148332238,0.0504687775077415,0.70457602966608,0.786246151397442,-0.152072136006935,-0.104441467372995,0.47967125248276,0.38874620684689,0.0962967416303073,0.117446998769701,0.0493203220766256,0.535271795123798,0.433807277191332,0.107458867902199,0.0550372305978209
132.5,0.101123233751129,0.49645129694363,0.193017130322472,0.050469230999069,0.700719053284918,0.782148217546742,-0.154456073424076,-0.106710940081835,0.480144192504421,0.388585767611,0.0959357922198316,0.117713684199138,0.0490503337299443,0.53594079192257,0.433742544998837,0.107084299380633,0.054750375228272
135.15,0.101358688706812,0.497876585131575,0.193072622182007,0.0504694754719191,0.696996348928834,0.778198607488902,-0.156769496857821,-0.108909550659528,0.480593046745503,0.388430523085557,0.0955857318807908,0.117981121811163,0.0487897444250184,0.536583642541269,0.433683896100623,0.106721769145212,0.0544739025242231
137.8,0.101594675591165,0.499257301732095,0.193127961635826,0.0504695184413655,0.693402350004914,0.774391213234268,-0.159014690812825,-0.111039583470222,0.481018620449087,0.388280344528869,0.0952461780858316,0.118249310853842,0.048538164500344,0.537201226784424,0.43363119128829,0.106370858713259,0.0542073849263988
140.45,0.101831195967559,0.500594556170369,0.193183151354353,0.0504693671585599,0.689931739163337,0.770720199331347,-0.161193875597782,-0.113103258708055,0.481421693261904,0.388135103610825,0.0949167608150626,0.118518250533498,0.0482952217414336,0.537794396650315,0.433584291665131,0.106031163175625,0.0539504139531943
143.1,0.102068251396484,0.501889446360247,0.193238193943928,0.0504690286194366,0.686579436098994,0.767179989561777,-0.16330920837091,-0.11510273343937,0.481803019919283,0.387994672637354,0.0945971222461535,0.118787940022162,0.0480605605269296,0.538363977069673,0.433543058899644,0.105702290866332,0.0537025992693244
145.75,0.102305843435472,0.503143057609036,0.193293091947231,0.0504685095731909,0.683340585991053,0.76376525433023,-0.16536278424072,-0.117040102699915,0.482163330922381,0.38785892475448,0.0942869164403899,0.119058378464529,0.0478338410193737,0.538910766637042,0.433507355456908,0.105383863027346,0.0534635678031161
148.4,0.10254397363904,0.50435646162765,0.193347847843811,0.0504678165305288,0.680210548548153,0.76047089871325,-0.167356637412511,-0.118917400638032,0.482503333207005,0.387727734133384,0.0939858090265191,0.119329564984448,0.0476147383983707,0.539435538333312,0.43347704480886,0.105075513470414,0.0532329629099275
151.05,0.102782643558645,0.505530715640937,0.193402464050686,0.050466955771689,0.677184887627491,0.757292051132487,-0.16929274237235,-0.120736601695677,0.482823710803153,0.38760097613768,0.0936934768839058,0.119601498690968,0.0474029421339244,0.539939040238374,0.433451991624661,0.104776888237615,0.0530104435792741
153.7,0.103021854742663,0.506666861592989,0.193456942923026,0.0504659333542372,0.674259361397443,0.754224052619301,-0.171173015101205,-0.122499621819986,0.483125125484519,0.387478527474003,0.0934096078263129,0.119874178683952,0.047198155297821,0.540421996232923,0.433432061942314,0.104487645262093,0.0527956836833511
156.35,0.103261608736365,0.507765925442383,0.1935112867549,0.0504647551206353,0.671429913014191,0.751262446639236,-0.172999314312891,-0.124208319698742,0.483408217407057,0.387360266326808,0.093133900287378,0.12014760405928,0.0470000939109934,0.540885106688807,0.433417123322822,0.104207454030234,0.0525883712647465
159,0.103501907081922,0.508828916542335,0.19356549778008,0.0504634267055864,0.668692661783866,0.748402969446497,-0.174773442710464,-0.12586449801373,0.483673605735601,0.387246072478066,0.0928660630086538,0.120421773913661,0.0468084863248706,0.541329049147571,0.433407044988258,0.103935995246417,0.0523882078612548
161.65,0.103742751318414,0.509856827100888,0.193619578172902,0.0504619535431599,0.666043894786226,0.745641540939435,-0.176497148254236,-0.127469904706901,0.48392188925932,0.387135827413707,0.092605814731322,0.12069668734908,0.0466230726350358,0.541754478985885,0.433401697944052,0.103672960501165,0.0521949078657604
164.3,0.103984142981843,0.510850631716369,0.193673530049173,0.0504603408736985,0.663480058934019,0.742974255989799,-0.178172125437166,-0.129026234254595,0.484153646995281,0.387029414417472,0.0923528838921854,0.120972343476884,0.0464436041253813,0.542162030067643,0.433400955086708,0.103418051943491,0.0520081979192859
166.95,0.104226083605173,0.511811286983497,0.193727355467113,0.0504585937505121,0.660997753440125,0.740397376221074,-0.179800016566122,-0.130535128944969,0.484369438777457,0.386926718651382,0.0921070083240084,0.121248741421534,0.0462698427408087,0.542552315383911,0.433404691299398,0.103170981958331,0.0518278163354752
169.6,0.10446857471836,0.512739731165629,0.19378105642834,0.0504567170463613,0.658593722678481,0.737907322209391,-0.181382413039673,-0.131998180155989,0.484569805835695,0.386827627227024,0.0918679349617455,0.121525880324045,0.0461015605874937,0.542925927677423,0.433412783533402,0.102931472849192,0.0516535125546574
172.25,0.104711617848402,0.51363688392885,0.193834634878879,0.0504547154597352,0.656264849408979,0.73550066608585,-0.182920856624589,-0.133416929629479,0.484755271359776,0.386732029265107,0.0916354195540094,0.121803759345119,0.0459385394586286,0.543283440054475,0.433425110879215,0.102699256526885,0.0514850466260095
174.9,0.104955214519395,0.514503646133687,0.193888092710199,0.0504525935209281,0.654008148350213,0.733174124517353,-0.184416840725443,-0.134792870738774,0.484926341050687,0.38663981594562,0.0914092263806046,0.122082377667998,0.0457805703845149,0.543625406582635,0.433441554626752,0.102474074204532,0.0513221887162147
177.55,0.105199366252589,0.515340899680461,0.193941431760266,0.0504503555979197,0.651820760081987,0.730924552044922,-0.185871811644007,-0.136127449747518,0.485083503659633,0.386550880549745,0.0911891279765052,0.122361734501051,0.0456274532057391,0.543952362873808,0.43346199831508,0.102255676099071,0.0511647186431446
180.2,0.105444074566458,0.516149507404406,0.193994653814623,0.0504480059020625,0.64969994525706,0.728748934760536,-0.187287169827763,-0.137422067056887,0.48522723151336,0.386465118493173,0.0909749048621648,0.122641829080106,0.0454789961679942,0.544264826653566,0.433486327773311,0.102043821139637,0.0510124254332375
182.85,0.105689340976772,0.516930313016879,0.194047760607469,0.0504455484935827,0.647643079105879,0.726644384303769,-0.188664271105008,-0.138678078439308,0.48535798102624,0.386382427351777,0.090766345280399,0.122922660670548,0.0453350155374115,0.544563298316471,0.433514431153101,0.101838276682945,0.0508651069012638
185.5,0.105935166996673,0.517684141089126,0.194100753822758,0.0504429872868981,0.645647646218804,0.724608132160569,-0.190004427904357,-0.139896796256985,0.48547619319951,0.386302706880495,0.0905632449400142,0.123204228569192,0.0451953352353163,0.544848261467224,0.433546198953206,0.101638818235767,0.0507225692512398
188.15,0.106181554136758,0.518411797075263,0.194153635095301,0.0504403260557588,0.64371123559023,0.722637524247789,-0.191308910457402,-0.141079490663609,0.485582294107511,0.386225859025797,0.0903654067661891,0.123486532105954,0.0450597864913161,0.545120183447889,0.433581524036884,0.101445229184616,0.0505846266973453
190.8,0.106428503905162,0.519114067371261,0.19420640601187,0.0504375684382147,0.641831535910673,0.720730015767732,-0.192578947982937,-0.142227390788,0.485676695371267,0.386151787932467,0.0901726406576845,0.123769570645318,0.0449282075137471,0.545379515851134,0.433620301642578,0.101257300532637,0.0504511011037412
193.45,0.10667601780765,0.519791719406916,0.194259068112301,0.0504347179414157,0.640006331092868,0.718883166318155,-0.193815729851899,-0.143341685898454,0.485759794619277,0.386080399944982,0.0899847632508188,0.124053343587631,0.0448004431765007,0.545626695019821,0.433662429388617,0.101074830643748,0.0503218216422709
196.1,0.106924097347703,0.52044550176793,0.194311622890604,0.0504317779462485,0.638233496018439,0.717094635244181,-0.195020406732554,-0.144423526546621,0.485831975935221,0.386011603603655,0.0898015976900919,0.124337850370221,0.0446763447212907,0.545862142533432,0.43370780727276,0.100897624994068,0.0501966244670927
198.75,0.107172744026618,0.521076144345369,0.194364071796056,0.0504287517118147,0.636510992494594,0.715362177218524,-0.196194091714142,-0.145474025690436,0.485893610293629,0.385945309636605,0.0896229734055866,0.124623090468355,0.0445557694746216,0.546086265680906,0.433756337666492,0.100725495930477,0.0500753524052967
201.4,0.107421959343603,0.521684358509958,0.194416416234302,0.0504256423797568,0.634836865411205,0.713683638036851,-0.197337861407136,-0.146494259795914,0.485945055984812,0.385881430948791,0.089448725897303,0.124909063396063,0.0444385805787844,0.546299457919194,0.433807925303795,0.100558262436127,0.0499578546625796
204.05,0.107671744795872,0.522270837308771,0.194468657568434,0.0504224529784333,0.633209239079338,0.7120569506202,-0.198452757025251,-0.147485269915144,0.485986659024011,0.385819882604679,0.0892786965252663,0.125195768706807,0.0443246467355537,0.54650209932167,0.43386247726829,0.100395749903394,0.049843986543414
206.7,0.107922101878746,0.522836255682045,0.194520797120072,0.0504191864269516,0.631626313755337,0.710480131207523,-0.199539785439088,-0.148448062743674,0.486018753553924,0.385760581811408,0.0891127323071416,0.125483205994039,0.0442138419628736,0.546694557009961,0.433919902973238,0.100237789913172,0.0497336091845266
209.35,0.108173032085755,0.523381270697993,0.194572836170429,0.0504158455390594,0.630086362324354,0.708951275735094,-0.20059992021248,-0.149383611652652,0.486041662230285,0.385703447895137,0.0889506857210927,0.125771374891628,0.0441060453627048,0.546877185577276,0.433980114141748,0.1000842200216,0.0496265893014566
212,0.108424536908739,0.52390652180359,0.194624775961366,0.0504124330269019,0.6285877271497,0.707468556386401,-0.201634102610827,-0.150292857699559,0.486055696600473,0.385648402277968,0.0887924145157512,0.126060275074191,0.044001140900479,0.54705032749618,0.434043024781074,0.0999348835529542,0.0495227989470481
214.65,0.108676617837949,0.52441263108946,0.194676617696428,0.0504089515046475,0.627128817069237,0.706030218307915,-0.202643242588371,-0.151176710614587,0.486061157468754,0.385595368450935,0.0886377815258214,0.12634990625732,0.0438990171948466,0.54721431351603,0.434108551155732,0.0997896293993709,0.0494221152815541
217.3,0.10892927636215,0.524900203567131,0.194728362541876,0.0504054034919871,0.625708104534296,0.704634576480545,-0.203628219752017,-0.152036049763532,0.4860583352506,0.3855442719449,0.0884866544936382,0.126640268197708,0.0437995673174007,0.54736946304868,0.434176611758278,0.0996483118269847,0.0493244203536381
219.95,0.109182513968726,0.525369827456978,0.194780011627694,0.0504017914175098,0.624324122885035,0.703280012737962,-0.204589884300715,-0.152871725087601,0.486047510317199,0.385495040300305,0.0883389058967188,0.126931360693206,0.0437026886019525,0.547516084542003,0.434247127277417,0.0995107902882399,0.0492296008916574
222.6,0.109436332143779,0.525822074485375,0.194831566048583,0.0503981176219612,0.622975463753329,0.70196497292494,-0.205529057941759,-0.153684558019682,0.486028953329254,0.385447603035111,0.0881944127809291,0.12722318358279,0.043608282462733,0.547654475842403,0.4343200205645,0.0993769292403615,0.0491375481047458
225.25,0.109690732372233,0.526257500189602,0.194883026864943,0.0503943843613867,0.62166077458686,0.700687964188296,-0.206446534783868,-0.15447534237727,0.486002925560469,0.385401891611324,0.0880530565991652,0.127515736746465,0.0435162542210802,0.547784924546403,0.434395216598511,0.0992465979698149,0.0490481574931807
227.9,0.109945716137938,0.526676644229219,0.194934395103831,0.0503905938101628,0.620378756288323,0.699447552393498,-0.207343082207109,-0.155244845232278,0.485969679211135,0.38535783940037,0.0879147230554265,0.127809020105099,0.0434265129401826,0.547907708341495,0.434472642449683,0.0991196704225826,0.0489613286675449
230.55,0.110201284923769,0.527080030702662,0.194985671759902,0.0503867480639232,0.619128160963893,0.698242359660431,-0.208219441709796,-0.155993807757954,0.485929457712075,0.385315381647558,0.08777930195415,0.128103033620205,0.0433389712674725,0.548023095336445,0.434552227241915,0.0989960250400978,0.0488769651762302
233.2,0.110457440211727,0.527468168467963,0.19503685779634,0.0503828491423798,0.617907789775321,0.697071062012221,-0.209076329732642,-0.15672294605315,0.485882496019197,0.385274455435784,0.0876466870546511,0.12839777729366,0.0432535452842725,0.548131344381342,0.43463390211419,0.0988755446006818,0.0487949743408555
235.85,0.110714183483041,0.527841551466529,0.195087954145759,0.0503788989920445,0.616716490890268,0.695932387131435,-0.209914438460528,-0.157432951944169,0.485829020898787,0.385234999648561,0.0875167759305116,0.128693251167389,0.0431701543623188,0.548232705377712,0.43471760018122,0.0987581160663413,0.0487152670992005
238.5,0.110971516218266,0.528200659049043,0.195138961711091,0.0503748994888538,0.615553157525676,0.694825112218347,-0.210734436602331,-0.158124493764416,0.485769251203651,0.385196954932414,0.0873894698337424,0.128989455322993,0.0430887210267974,0.548327419579064,0.434803256493597,0.0986436304347916,0.0486377578552843
241.15,0.11122943989738,0.528545956302593,0.195189881366458,0.0503708524407011,0.614416726079502,0.693748061946134,-0.21153697014914,-0.158798217112186,0.485703398140348,0.385160263658782,0.0872646735635804,0.129286389881346,0.0430091708255652,0.54841571988214,0.434890807997579,0.098531982596552,0.0485623643362294
243.8,0.111487955999885,0.528877894378237,0.195240713958019,0.050366759589878,0.613306174348622,0.692700106506825,-0.212322663109607,-0.159454745587756,0.485631665529312,0.385124869886706,0.0871422953400814,0.129584055002157,0.0429314322044036,0.548497831107799,0.434980193493543,0.0984230711967545,0.0484890074554778
246.45,0.111747066004897,0.52919691081826,0.195291460304801,0.0503626226154289,0.612220519824152,0.691680159746028,-0.213092118226023,-0.160094681508534,0.485554250054957,0.385090719324084,0.0870222466817596,0.1298824508835,0.0428554363876907,0.548573970274373,0.435071353595435,0.0983167985019296,0.048417611182222
249.1,0.112006771391246,0.529503429882448,0.195342121199509,0.0503584431354219,0.611158818062563,0.690687177380915,-0.213845917669847,-0.160718606603386,0.485471341507559,0.385057759288732,0.0869044422874486,0.130181577761314,0.0427811172643794,0.548644346862483,0.435164230690244,0.0982130702714265,0.048348102416664
251.75,0.112267073637565,0.529797862872787,0.195392697409322,0.0503542227091384,0.610120161133579,0.689720155294293,-0.214584623713736,-0.161327082688462,0.485383123020524,0.385025938671919,0.0867887999228899,0.130481435908887,0.0427084112793505,0.548709163068698,0.435258768895175,0.0981117956328529,0.0482804108706005
254.4,0.112527974222388,0.530080608456008,0.195443189676662,0.0503499628391847,0.609103676129029,0.688778127908537,-0.215308779389181,-0.16192065232015,0.485289771294595,0.38499520789792,0.0866752403102624,0.130782025636312,0.042637257329032,0.548768614055526,0.435354914018798,0.0980128869625777,0.0482144689535976
257.05,0.112789474624232,0.530352052983508,0.195493598719951,0.0503456649735281,0.608108523746041,0.687860166625321,-0.216018909118283,-0.162499839432076,0.485191456821021,0.384965518888545,0.086563687022779,0.131083347289932,0.0425675966622229,0.548822888188076,0.435452613517821,0.0979162597695434,0.0481502116637724
259.7,0.113051576321693,0.530612570808169,0.195543925234343,0.05034133050746,0.607133896923854,0.686965378338689,-0.216715519332578,-0.163065149949688,0.485088344091493,0.38493682502338,0.0864540663818592,0.131385401251762,0.0424993727846698,0.548872167268064,0.435551816458446,0.0978218325839593,0.0480875764837082
262.35,0.113314280793532,0.530862524597702,0.195594169892445,0.050336960785489,0.606179019546185,0.686092904008738,-0.217399099068694,-0.16361707238877,0.484980591805646,0.384909081103761,0.0863463073587683,0.131688187938907,0.042432531368233,0.54891662675643,0.435652473474782,0.0977295268492788,0.0480265032806117
265,0.11357758951876,0.53110226564413,0.195644333345011,0.0503325571031659,0.605243145197416,0.685241917298492,-0.218070120547601,-0.164156078434748,0.484868353070004,0.384882243315782,0.0862403414794048,0.131991707802969,0.0423670201638191,0.548956435990165,0.435754536728914,0.0976392668182114,0.0479669342108944
267.65,0.113841503976721,0.53133213416912,0.195694416221624,0.0503281207088438,0.604325555971146,0.684411623270255,-0.218729039737032,-0.164682623503718,0.484751775589444,0.384856269193029,0.0861361027322837,0.132295961329436,0.0423027889179802,0.548991758392806,0.435857959872065,0.0975509794525229,0.0479088136289179
270.3,0.11410602564718,0.531552459624853,0.195744419131357,0.0503236528053748,0.603425561332182,0.683601257136314,-0.21937629689489,-0.165197147287079,0.484631001853964,0.384831117581045,0.0860335274800924,0.132600949037077,0.0422397892932527,0.549022751676615,0.435962698005025,0.0974645943261372,0.047852087999542
272.95,0.114371156010398,0.531763560990223,0.195794342663418,0.0503191545517456,0.602542497026788,0.682810083063131,-0.220012317096062,-0.165700074279117,0.484506169318976,0.384806748602069,0.0859325543743362,0.132906671477332,0.0421779747918752,0.549049568038322,0.436068707639306,0.0973800435316995,0.0477967058144192
275.6,0.11463689654722,0.531965747062117,0.195844187387774,0.050314627064655,0.601675724038186,0.682037393027073,-0.220637510743585,-0.166191814287597,0.484377410578768,0.384783123619679,0.0858331242728645,0.133213129233688,0.042117300682673,0.549072354349102,0.436175946659473,0.0972972615905606,0.0477426175118951
278.25,0.114903248739143,0.532159316741627,0.195893953855764,0.0503100714200344,0.600824627587005,0.681282505718029,-0.221252274063257,-0.166672762928608,0.484244853534669,0.384760205204379,0.0857351801604298,0.133520322921066,0.0420577239310904,0.54909125233783,0.436284374285678,0.0972161853658802,0.047689775400262
280.9,0.115170214068403,0.532344559315009,0.195943642600685,0.0503054886545137,0.599988616174013,0.680544765489105,-0.22185698958254,-0.167143302105809,0.484108621557663,0.38473795709983,0.0856386670720931,0.133828253185204,0.0419992031321809,0.549106398768175,0.436393951036768,0.0971367539788022,0.0476381335842373
283.55,0.115437794018043,0.53252175472929,0.195993254138375,0.0503008797668351,0.599167120663012,0.679823541350384,-0.222452026594312,-0.167603800474426,0.48396883364549,0.384716344189638,0.0855435320193557,0.134136920702038,0.0419416984464108,0.549117925609837,0.436504638694067,0.0970589087276137,0.0475876478945269
286.2,0.115705990071991,0.532691173862394,0.196042788967766,0.0502962457192149,0.598359593402102,0.67911822600469,-0.223037741605824,-0.168054613890424,0.483825604574445,0.384695332464763,0.0854497239189294,0.134446326177095,0.0418851715381471,0.549125960204065,0.436616400265834,0.0969825930097806,0.0475382758203283
288.85,0.115974803715127,0.532853078787716,0.196092247571431,0.0502915874386581,0.597565507381587,0.678428234923426,-0.223614478773264,-0.168496085845283,0.483679045046059,0.384674888991558,0.0853571935240564,0.134756470344876,0.0418295855167111,0.549130625423641,0.436729199952395,0.0969077522467576,0.0474899764446398
291.5,0.116244236433359,0.533007723033087,0.196141630416107,0.0502869058182241,0.596784355426867,0.677753005460683,-0.224182570322316,-0.168928547886767,0.483529261828836,0.384654981880463,0.0852658933582912,0.135067353968256,0.0417749048798807,0.549132039827474,0.436843003111961,0.0968343338114764,0.0474427103822478
294.15,0.116514289713689,0.533155351834064,0.196190937953212,0.050282201718248,0.596015649424702,0.677091996003876,-0.224742336955123,-0.169352320026081,0.483376357895169,0.384635580255347,0.085175777651655,0.135378977837886,0.0417210954597291,0.549130317810006,0.436957776227156,0.0967622869584188,0.0473964397202713
296.8,0.116784965044283,0.533296202381545,0.19624017061934,0.0502774759675175,0.595258919581351,0.676444685159315,-0.225294088244059,-0.169767711131787,0.48322043255359,0.384616654223498,0.0850868022790766,0.135691342771594,0.0416681243706946,0.549125569745603,0.437073486872274,0.0966915627561913,0.047351127961152
299.45,0.11705626391453,0.533430504063668,0.196289328836742,0.0502727293644073,0.594513713711115,0.675810570971155,-0.225838123012705,-0.170175019310848,0.483061581576484,0.384598174846244,0.0849989247010365,0.136004449613803,0.041615959959778,0.549117902128099,0.437190103681278,0.0966221140225107,0.0473067399679808
302.1,0.117328187815117,0.533558478702024,0.196338413013795,0.0502679626779738,0.593779596554415,0.675189170171891,-0.226374729704053,-0.170574532277406,0.482899897323751,0.384580114110484,0.0849121039064013,0.13631829923495,0.0415645717588091,0.549107417705342,0.437307596316293,0.0965538952614693,0.0472632419120324
304.75,0.117600738238084,0.53368034078217,0.196387423545454,0.0502631766490087,0.593056149123637,0.674580017463338,-0.226904186736658,-0.170966527709433,0.48273546886223,0.38456244490087,0.0848263003573073,0.136632892530915,0.0415139304386546,0.549094215609199,0.437425935436833,0.096486862603044,0.0472206012224336
307.4,0.117873916676887,0.533796297678491,0.196436360813695,0.0502583719910563,0.592342968074774,0.673982664827313,-0.227426762849624,-0.171351273593255,0.482568382080436,0.384545140972179,0.0847414759359186,0.136948230422462,0.0414640077652342,0.549078391481673,0.43754509267021,0.0964209737448597,0.0471787865379119
310.05,0.11814772462646,0.533906549873428,0.196485225187941,0.0502535493913932,0.591639665104589,0.67339668086413,-0.227942717436159,-0.1717290285567,0.482398719799407,0.38452817692241,0.0846575938931093,0.137264313854675,0.0414147765573212,0.549060037596703,0.437665040582617,0.0963561878960321,0.0471377676604891
312.7,0.118422163583274,0.534011291171133,0.196534017025473,0.0502487095119731,0.590945866373731,0.672821650156458,-0.228452300864863,-0.172100042192008,0.482226561880988,0.384511528167484,0.084574618799219,0.137581143796424,0.0413662106461612,0.549039242976697,0.437785752649997,0.0962924657228356,0.0470975155109521
315.35,0.118697235045393,0.534110708905587,0.196582736671833,0.0502438529903377,0.590261211952143,0.672257172659371,-0.228955754791038,-0.172464555367558,0.482051985331677,0.384495170916058,0.0844925164964522,0.137898721239824,0.04131828483665,0.549016093505706,0.437907203230165,0.0962297692964203,0.047058002086156
318,0.118972940512529,0.534204984143262,0.196631384461213,0.0502389804404948,0.589585355284419,0.671702863116575,-0.229453312459308,-0.172822800528046,0.48187506440115,0.384479082143606,0.084411254052675,0.138217047199708,0.0412709748699093,0.548990672040341,0.438029367536968,0.0961680620426713,0.0470192004181603
320.65,0.1192492814861,0.534294291880374,0.196679960716831,0.0502340924537645,0.58891796268113,0.671158350496381,-0.22994519899274,-0.173175001986902,0.481695870680881,0.3844632395699,0.0843307997175127,0.138536122713114,0.0412242573876791,0.548963058513713,0.438152221612473,0.0961073086933369,0.0469810845347466
323.3,0.119526259469279,0.534378801234814,0.196728465751293,0.0502291895995953,0.588258712826974,0.670623277452697,-0.230431631674841,-0.173521376207214,0.481514473196719,0.384447621635042,0.0842511228795501,0.13885594883878,0.0411781098978882,0.548933330038194,0.438275742301873,0.0960474752393043,0.0469436294216888
325.95,0.119803875967051,0.534458675632826,0.196776899866952,0.0502242724263505,0.587607296308261,0.670097299807639,-0.230912820222246,-0.173862132073047,0.481330938498077,0.384432207475981,0.0841721940250435,0.13917652665664,0.0411325107415783,0.54890156100484,0.438399907229203,0.0959885288855854,0.0469068109865347
328.6,0.120082132486261,0.534534072990527,0.196825263356243,0.050219341462067,0.586963415163447,0.669580086051135,-0.231388967045036,-0.174197471153852,0.481145330747359,0.384416976906264,0.0840939846987226,0.13949785726735,0.0410874390614413,0.548867823176352,0.438524694771202,0.0959304380074079,0.0468706060235794
331.25,0.120361030535663,0.534605145890336,0.196873556502022,0.0502143972151856,0.586326782444179,0.669071316865981,-0.231860267503653,-0.174527587956228,0.480957711800691,0.384401910391986,0.0840164674649957,0.1398199417918,0.0410428747710925,0.548832185781951,0.438650084036117,0.0958731721087366,0.0468349921806187
333.9,0.120640571625972,0.53467204175242,0.196921779577878,0.0502094401752563,0.585697121802499,0.668570684664563,-0.232326910150568,-0.174852670171711,0.480768141292672,0.384386989033723,0.0839396158717873,0.140142781370665,0.040998798526175,0.548794715602749,0.438776054837921,0.095816701781241,0.0467999479265194
336.55,0.120920757269907,0.534734903001244,0.196969932848453,0.0502044708136173,0.585074167084866,0.6680778931512,-0.232789076970755,-0.175172898911308,0.480576676710902,0.384372194543293,0.0838634044143668,0.14046637716393,0.0409551916959407,0.548755477060832,0.438902587676783,0.0957609986658501,0.046765452520584
339.2,0.121201588982239,0.534793867227307,0.197018016569734,0.0501994895840501,0.584457661951447,0.667592656894148,-0.233246943607065,-0.175488448936905,0.480383373475146,0.384357509226826,0.0837878085017878,0.140790730350466,0.0409120363366013,0.548714532298644,0.439029663714581,0.095706035414578,0.0467314859825904
341.85,0.121483068279839,0.534849067344183,0.197066030989351,0.0501944969234105,0.583847359501778,0.667114700921118,-0.233700679584272,-0.175799488880361,0.480188285007132,0.384342915963152,0.0837128044233466,0.141115842127579,0.0408693151651245,0.548671941261699,0.439157264756162,0.0956517856547381,0.0466980290644782
344.5,0.121765196681717,0.534900631740948,0.197113976346852,0.0501894932522376,0.583243021921761,0.666643760325112,-0.234150448520498,-0.176106181458652,0.479991462803123,0.38432839818688,0.0836383693171908,0.141441713710599,0.0408270115345233,0.548627761773632,0.439285373227146,0.0955982239536372,0.0466650632227579
347.15,0.122047975709067,0.534948684430095,0.197161852873983,0.0501844789753401,0.582644420140787,0.666179579888501,-0.234596408334111,-0.176408683679758,0.479792956501144,0.384313939869782,0.0835644811395553,0.141768346332461,0.0407851094098551,0.548582049611254,0.439413972154547,0.0955453257849753,0.0466325705921951
349.8,0.122331406885311,0.534993345191042,0.197209660794944,0.0501794544823624,0.582051333501704,0.665721913722001,-0.235038711443918,-0.176707147041262,0.479592813945486,0.384299525502416,0.0834911186350412,0.142095741243297,0.0407435933451193,0.548534858577339,0.439543045148228,0.0954930674965072,0.0466005339605401
352.45,0.122615491736137,0.535034729709332,0.197257400326648,0.0501744201483292,0.581463549447973,0.665270524914067,-0.235477504959227,-0.177001717724466,0.479391081252375,0.384285140078981,0.0834182613085827,0.142423899710052,0.0407024484613581,0.548486240567735,0.439672576380292,0.0954414262783383,0.0465689367439847
355.1,0.122900231789538,0.535072949711615,0.19730507167897,0.0501693763341717,0.580880863217031,0.664825185198572,-0.235912930867796,-0.177292536778717,0.479187802868736,0.384270769079009,0.0833458893976008,0.142752823016096,0.0406616604251922,0.548436245640402,0.439802550568616,0.0953903801330722,0.0465377629639001
357.75,0.123185628575857,0.535108113096532,0.197352675054979,0.0501643233872339,0.580303077549149,0.664385674632292,-0.236345126214602,-0.177579740301346,0.478983021631756,0.384256398451852,0.0832739838456744,0.143082512460846,0.0406212154284405,0.548384922079403,0.439932952958682,0.0953399078465874,0.0465069972242605
360.4,0.123471683627817,0.535140324061583,0.197400210651177,0.0501592616417612,0.579730002408353,0.663951781284078,-0.236774223273834,-0.177863459611867,0.47877677882702,0.384242014602147,0.0832025262772799,0.143412969359411,0.0405811001685847,0.548332316456066,0.440063769305451,0.0952899889597628,0.0464766246898854
363.05,0.123758398480563,0.535169683226087,0.197447678657714,0.0501541914193715,0.579161454710483,0.663523300938871,-0.237200349717647,-0.17814382141825,0.478569114241786,0.384227604373518,0.0831314989729401,0.143744195042231,0.0405413018297338,0.548278473690618,0.440194985857951,0.095240603741655,0.0464466310657209
365.7,0.124045774671699,0.535196287750331,0.197495079258611,0.0501491130295088,0.578597258063847,0.663100036811267,-0.237623628777498,-0.178420947978611,0.478360066218087,0.384213155034097,0.083060884845573,0.144076190854731,0.0405018080644693,0.54822343711012,0.44032658934303,0.095191733163378,0.0464170025767887
368.35,0.124333813741318,0.535220231451006,0.197542412631964,0.0501440267698811,0.578037242521048,0.662681799268983,-0.238044179398977,-0.178694957257998,0.478149671704926,0.384198654263259,0.0829906674178672,0.144408958156993,0.0404626069764734,0.548167248503466,0.440458566948872,0.0951433588727691,0.0463877259488288
371,0.124622517232044,0.535241604913032,0.197589678950149,0.0501389329268821,0.577481244338156,0.662268405568625,-0.238462116392905,-0.178965963078578,0.477937966306962,0.384184090137435,0.0829208308001743,0.14474249832342,0.040423687103671,0.548109948176042,0.440590906310307,0.095095463170229,0.0463587883898038
373.65,0.124911886689057,0.535260495597855,0.197636878380014,0.0501338317759979,0.576929105743295,0.661859679601323,-0.238877550581038,-0.179234075264757,0.477724984331645,0.384169451116502,0.0828513596692303,0.145076812742425,0.0403850374020306,0.548051575002314,0.440723595494453,0.095048028985402,0.0463301775720926
376.3,0.125201923660135,0.535276987948327,0.197684011083071,0.0501287235821994,0.576380674714815,0.661455451647373,-0.239290588936147,-0.179499399783681,0.477510758835299,0.384154726031078,0.0827822392477535,0.145411902816117,0.0403466472300371,0.547992166476021,0.440856622986336,0.0950010398546004,0.0463018816153161
378.95,0.125492629695678,0.535291163490249,0.197731077215676,0.0501236086003198,0.575835804768352,0.661055558139808,-0.239701334716921,-0.179762038881113,0.477295321667932,0.384139904070476,0.0827134552848409,0.145747769960004,0.0403085063337846,0.547931758758283,0.440989977674687,0.0949544798989855,0.0462738890697866
381.6,0.125784006348745,0.535303100930678,0.197778076929206,0.0501184870754194,0.575294354751083,0.660659841437652,-0.24010988759884,-0.180022091212096,0.477078703515762,0.384124974770506,0.0826449940369485,0.146084415602699,0.0402706048325758,0.547870386724685,0.441123648838738,0.0949083338036411,0.0462461889006356
384.25,0.126076055175082,0.535312876253083,0.197825010370231,0.0501133592431365,0.574756188643607,0.660268149607879,-0.24051634380066,-0.180279651966983,0.476860933942098,0.384109928001525,0.0825768422495319,0.146421841185641,0.0402329332050525,0.547808084010852,0.44125762613553,0.094862586797423,0.0462187704725516
386.9,0.126368777733152,0.53532056280944,0.197871877680676,0.0501082253300264,0.574221175369819,0.659880336215192,-0.240920796206115,-0.180534812993346,0.476642041427173,0.38409475395719,0.0825089871394199,0.14676004816281,0.0401954822758873,0.547744883056066,0.441391899587344,0.0948172246334701,0.0461916235350635
389.55,0.126662175584166,0.535326231409357,0.197918678997981,0.0501030855538875,0.573689188613972,0.659496260119708,-0.241323334481401,-0.180787662913642,0.476422053406555,0.384079443143554,0.082441416377824,0.147099038000467,0.0401582432029781,0.54768081514535,0.441526459569513,0.0947722335704172,0.0461647382083795
392.2,0.12695625029211,0.535329950406307,0.197965414455256,0.0500979401240763,0.573160106644738,0.659115785282169,-0.24172404518849,-0.18103828723883,0.476200996308289,0.384063986368582,0.0823741180739737,0.147438812176892,0.0401212074651317,0.547615910450021,0.441661296798582,0.0947276003542696,0.0461381049697518
394.85,0.127251003423772,0.535331785781065,0.198012084181429,0.0500927892418108,0.572633812145885,0.658738780576492,-0.242123011894516,-0.181286768478012,0.475978895588699,0.384048374731978,0.0823070807593412,0.147779372182132,0.0400843668502119,0.547550198066833,0.441796402320852,0.0946833122009331,0.0461117146403545
397.5,0.127546436548771,0.535331801222414,0.198058688301389,0.0500876331004628,0.572110192052926,0.658365119609669,-0.24252031527765,-0.181533186244029,0.475755775766607,0.384032599615089,0.0822402933723774,0.148120719517755,0.0400477134437048,0.547483706056047,0.441931767501549,0.0946393567794202,0.0460855583726768
400.15,0.127842551239584,0.535330058205218,0.198105226936127,0.05008247188584,0.571589137396182,0.657994680548191,-0.24291603322908,-0.181777617355506,0.475531660456552,0.384016652671309,0.0821737452438375,0.148462855696613,0.0400112396177327,0.547416461477964,0.442067384014165,0.0945957221956269,0.0460596276383733
402.8,0.12813934907157,0.535326616065932,0.198151700202865,0.0500773057764579,0.57107054314977,0.657627345950934,-0.243310240951399,-0.182020135935361,0.475306572400867,0.384000525816804,0.0821074260826411,0.148805782242609,0.0399749380204839,0.547348490428163,0.44220324383014,0.0945523969766878,0.0460339142165654
405.45,0.128436831622997,0.535321532075624,0.198198108215193,0.0500721349438018,0.570554308086257,0.657263002608282,-0.243703011053569,-0.18226081350586,0.475080533500603,0.383984211221546,0.0820413259622423,0.149149500690476,0.039938801566038,0.547279818071489,0.442339339208865,0.0945093700558932,0.0460084101825797
408.1,0.128735000475068,0.535314861510586,0.198244451083189,0.0500669595525794,0.570040334636757,0.656901541387255,-0.244094413642552,-0.182499719080341,0.474853564845369,0.383967701300629,0.0819754353074909,0.14949401258556,0.039902823424573,0.547210468674863,0.442475662688028,0.0944666307581484,0.0459831078971078
410.75,0.129033857211943,0.535306657720616,0.198290728913538,0.0500617797609645,0.569528528756259,0.656542857082402,-0.244484516411751,-0.182736919251732,0.474625686742106,0.383950988705872,0.0819097448819679,0.149839319483607,0.0398669970129382,0.547140465638938,0.442612207074263,0.0944241687859553,0.0459579999957681
413.4,0.129333403420762,0.535296972195025,0.198336941809657,0.0500565957208318,0.569018799794016,0.656186848272231,-0.244873384726326,-0.182972478277975,0.474396918742855,0.383934066317705,0.0818442457757811,0.150185422950559,0.0398313159855811,0.547069831528623,0.442748965434105,0.0943819742058942,0.0459330793790562
416.05,0.129633640691674,0.535285854626459,0.198383089871799,0.0500514075779832,0.568511060368779,0.655833417180961,-0.245261081705529,-0.183206458164454,0.474167279671554,0.383916927237333,0.0817789293938024,0.150532324562361,0.0397957742258145,0.546998588102532,0.442885931085223,0.0943400374355907,0.0459083392026673
418.7,0.129934570617852,0.535273352972582,0.198429173197167,0.050046215472366,0.568005226248598,0.655482469545486,-0.245647668302212,-0.183438918743489,0.473936787649803,0.383899564779091,0.0817137874443161,0.150880025904762,0.0397603658374019,0.546926756341468,0.443023097588017,0.0942983492311616,0.045883772868184
421.35,0.130236194795523,0.535259513515712,0.198475191880019,0.0500410195382835,0.567501216235155,0.655133914487223,-0.246033203379509,-0.183669917751064,0.473705460121768,0.383881972463095,0.0816488119280853,0.151228528573133,0.0397250851364608,0.546854356475862,0.443160458737435,0.0942569006751037,0.0458593740141056
424,0.130538514823984,0.535244380920448,0.198521146011768,0.0500358199045976,0.566998952052424,0.654787664388698,-0.246417743784819,-0.183899510900875,0.473473313878201,0.383864144008134,0.0815839951278148,0.151577834172287,0.0396899266436697,0.546781408012232,0.443298008555073,0.0942156831646166,0.0458351365072089
426.65,0.130841532305628,0.53522799828937,0.19856703568108,0.0500306166949245,0.566498358239468,0.654443634774697,-0.246801344421189,-0.18412775195577,0.473240365079621,0.38384607332481,0.0815193295979943,0.151927944316301,0.0396548850767628,0.546707929758716,0.443435741281522,0.0941746884003432,0.0458110544342288
429.3,0.131145248845959,0.535210407216872,0.198612860973971,0.0500254100278233,0.565999362047229,0.654101744197807,-0.247184058316188,-0.18435469279668,0.473006629278662,0.383827754508899,0.0814548081551083,0.152278860628351,0.0396199553433061,0.546633939849707,0.443573651368972,0.0941339083755154,0.0457871220938465
431.95,0.131449666053621,0.535191647841166,0.198658621973897,0.0500202000169775,0.565501893339141,0.653761914128189,-0.247565936688367,-0.184580383489134,0.472772121441632,0.383809181834929,0.0813904238681988,0.152630584740545,0.0395851325337399,0.546559455769612,0.443711733474067,0.0940933353654881,0.0457633339889732
434.6,0.131754785540411,0.535171758894551,0.198704318761844,0.0500149867713704,0.565005884495438,0.653424068847415,-0.247947029011377,-0.184804872347422,0.472536855969309,0.383790349749983,0.0813261700497693,0.152983118293767,0.0395504119146807,0.546484494375781,0.443849982450991,0.094052961917649,0.045739684819319
437.25,0.132060608921301,0.53515077775197,0.19874995141641,0.0500097703954541,0.564511270321013,0.653088135346219,-0.248327383075834,-0.185028205996511,0.472300846716989,0.3837712528677,0.0812620402470164,0.153336462937521,0.0395157889224709,0.546409071920627,0.443988393344782,0.0940127808416898,0.0457161694742353
439.9,0.132367137814458,0.535128740477926,0.198795520013892,0.0500045509893121,0.564017987956685,0.652754043226014,-0.248707045049008,-0.185250429431776,0.472064107013837,0.38375188596248,0.0811980282333786,0.15369062032978,0.0394812591569679,0.54633320407296,0.444126961384881,0.0939727852002272,0.045692783025821
442.55,0.132674373841265,0.535105681871809,0.198841024628362,0.0499993286488166,0.563525976793755,0.652421724604033,-0.249086059532411,-0.18547158607663,0.471826649681538,0.383732243963885,0.0811341280003895,0.154045592136848,0.0394468183755629,0.546256905938578,0.444265681978882,0.093932968299759,0.0456695207222823
445.2,0.132982318626335,0.535081635511687,0.198886465331747,0.0499941034657797,0.563035178391725,0.652091114021957,-0.249464469617355,-0.185691717838123,0.471588487052293,0.383712321951228,0.0810703337498256,0.154401380033216,0.0394124624874208,0.546180192080123,0.444404550706499,0.0938933236819445,0.045646377981537
447.85,0.133290973797533,0.535056633796598,0.1989318421939,0.0499888755280992,0.562545536399053,0.6517621483579,-0.249842316938555,-0.185910865160585,0.471349630986172,0.383692115148342,0.0810066398861364,0.154757985701427,0.0393781875479337,0.546103076536237,0.444543563313732,0.0938538451151986,0.045623350385053
450.5,0.133600340985991,0.535030707987412,0.198977155282675,0.0499836449198998,0.562056996476842,0.651434766741629,-0.250219641725846,-0.186129067077374,0.471110092887854,0.383671618918526,0.0809430410091491,0.155115410831947,0.039343989753379,0.54602557284005,0.444682715707233,0.0938145265865855,0.045600433671914
453.15,0.133910421826129,0.535003888246293,0.199022404663993,0.0499784117216681,0.561569506225345,0.651108910472886,-0.25059648285407,-0.186346361260803,0.470869883722769,0.383650828759664,0.0808795319070351,0.155473657123036,0.0393098654357742,0.545947694037005,0.444822003948851,0.093775362294004,0.045577623733102
455.8,0.134221217955671,0.534976203674817,0.199067590401912,0.0499731760103839,0.561083015113179,0.650784522942714,-0.250972877891213,-0.186562784070307,0.470629014032668,0.383629740299509,0.0808161075495316,0.15583272628063,0.0392758110579225,0.545869452702055,0.444961424250372,0.0937363466386521,0.04555491660599
458.45,0.134532731015661,0.534947682350785,0.199112712558688,0.0499679378596459,0.560597474409152,0.650461549557657,-0.251348863144837,-0.186778370598907,0.470387493950643,0.38360834929112,0.0807527630814066,0.156192620018216,0.0392418232086406,0.545790860956264,0.445100972968429,0.0936974742177622,0.045532308469036
461.1,0.134844962650479,0.534918351363777,0.199157771194843,0.0499626973397935,0.560112837116606,0.650139937666736,-0.251724473706875,-0.18699315471804,0.470145333215607,0.38358665160847,0.0806894938161611,0.156553340056724,0.0392078985981624,0.545711930482801,0.44524064659958,0.0936587398175956,0.0455097956366715
463.75,0.135157914507861,0.534888236849484,0.199202766369216,0.0499574545180239,0.559629057910166,0.649819636491102,-0.252099743496854,-0.187207169120804,0.469902541186263,0.38356464324218,0.0806262952299565,0.156914888124412,0.0391740340537116,0.545632672542388,0.445380441775564,0.0936201384066888,0.0454873745543771
466.4,0.135471588238912,0.534857364022869,0.199247698139033,0.049952209458505,0.559146093074827,0.64950059705626,-0.252474705303587,-0.187420445363671,0.469659126854574,0.383542320295415,0.0805631629557624,0.15727726595676,0.0391402265152379,0.545553097988195,0.445520355258707,0.0935816651293421,0.0454650417939382
469.05,0.135785985498123,0.534825757210184,0.199292566559951,0.0499469622224844,0.558663900447276,0.649182772126765,-0.25284939082539,-0.187633013906738,0.469415098858756,0.383519678979913,0.0805000927777149,0.157640475296365,0.0391064730313093,0.54547321728021,0.445660383937487,0.0935433152993402,0.0454427940488736
471.7,0.136101107943388,0.534793439879888,0.199337371686121,0.0499417128683944,0.558182439359373,0.64886611614331,-0.253223830708885,-0.187844904152548,0.469170465495806,0.383496715612152,0.0804370806256783,0.158004517892844,0.0390727707551561,0.545393040499098,0.44580052482225,0.0935050843938982,0.0454206281300317
474.35,0.136416957236014,0.534760434672498,0.199382113570236,0.0499364614519534,0.557701670583715,0.6485505851621,-0.253598054586433,-0.188056144483543,0.468925234733589,0.383473426609644,0.0803741225700042,0.158369395502733,0.0390391169408601,0.545312577359571,0.445940775041067,0.0934669680478246,0.045398540961347
477,0.136733535040744,0.53472676342942,0.199426792263583,0.049931208026263,0.557221556281187,0.648236136796445,-0.253972091112241,-0.188266762298194,0.468679414222495,0.383449808487358,0.0803112148164774,0.158735109889397,0.0390055089396831,0.545231837223287,0.446081131835735,0.0934289620478927,0.0453765295757512
479.65,0.137050843025765,0.534692447220774,0.199471407816089,0.0499259526419028,0.556742059950449,0.647922730160484,-0.254345967997194,-0.188476784045855,0.468433011306674,0.383425857854267,0.080248353701446,0.159101662822936,0.0389719441965314,0.545150829111294,0.446221592557913,0.0933910623274138,0.0453545911112339
482.3,0.137368882862728,0.53465750637227,0.199515960276374,0.0499206953470207,0.55626314637927,0.647610325814951,-0.254719712042459,-0.188686235260382,0.468186033034882,0.383401571410006,0.0801855356871263,0.159469056080099,0.0389384202465489,0.545069561716031,0.446362154665386,0.0933532649610049,0.0453327228070466
484.95,0.137687656226758,0.534621960491152,0.199560449691789,0.0499154361874203,0.555784781597653,0.647298885714925,-0.255093349171905,-0.188895140592569,0.467938486170932,0.383376945941654,0.0801227573570766,0.1598372914442,0.0389049347118357,0.544988043412904,0.446502815718464,0.0933155661595431,0.0453109220000447
487.6,0.13800716479647,0.534585828491239,0.199604876108463,0.0499101752066455,0.555306932832666,0.646988373159476,-0.255466904463368,-0.189103523841427,0.467690377203779,0.383351978320615,0.0800600154118347,0.160206370705036,0.0388714852982866,0.544906282271458,0.446643573376492,0.0932779622653011,0.0452891861211633
490.25,0.138327410253986,0.534549128617116,0.199649239571348,0.0499049124460617,0.554829568464943,0.646678752743148,-0.25584040217882,-0.189311407984374,0.467441712357241,0.383326665499616,0.0799973066647126,0.160576295658806,0.038838069792546,0.54482428606615,0.446784425394489,0.0932404497472566,0.0452675126920204
492.9,0.138648394284942,0.534511878467465,0.199693540124256,0.0498996479449343,0.554352657986767,0.646369990309205,-0.256213865793468,-0.189518815206336,0.467192497599383,0.3833010045098,0.0799346280377427,0.160947068108036,0.0388046860590737,0.544742062286738,0.446925369619897,0.093203025196569,0.0452458993216443
495.55,0.138970118578508,0.53447409501761,0.199737777809899,0.0498943817405038,0.553876171961692,0.64606205290457,-0.256587318023825,-0.18972576692784,0.466942738651553,0.383274992457925,0.0798719765577696,0.161318689861507,0.0387713320373185,0.544659618148312,0.44706640398944,0.0931656853222192,0.0452243437033199
498.2,0.139292584827398,0.534435794641268,0.199781952669928,0.0498891138680594,0.553400081985642,0.645754908736416,-0.25696078085479,-0.189932283832096,0.46669244099711,0.38324862652365,0.079809349352684,0.16169116273418,0.038738005738995,0.544576960600962,0.447207526526094,0.0931284269468039,0.0452028436115491
500.85,0.139615794727886,0.534396993131548,0.199826064744968,0.0498838443610086,0.552924360649431,0.645448527130318,-0.257334275565766,-0.190138385891131,0.466441609889834,0.383221903956927,0.0797467436477906,0.162064488547131,0.0387047052454602,0.544494096339102,0.447348735336155,0.0930912470024818,0.0451813968991222
503.5,0.139939749979816,0.534357705721223,0.199870114074657,0.0498785732509454,0.552448981502654,0.645142878489933,-0.257707822755864,-0.190344092390994,0.466190250362038,0.383194822075469,0.0796841567623086,0.16243866912748,0.0386714287051858,0.544411031810479,0.447490028606412,0.0930541425270632,0.0451600014942953
506.15,0.140264452286615,0.534317947102295,0.199914100697675,0.0498733005677152,0.551973919018902,0.644837934258146,-0.258081442368207,-0.190549421956072,0.465938367232392,0.383167378262312,0.079621586105997,0.162813706308332,0.0386381743313231,0.544327773224844,0.447631404601415,0.0930171106602412,0.0451386553980702
508.8,0.14058990335531,0.534277731444886,0.199958024651781,0.049868026339478,0.551499148562239,0.644533666879615,-0.258455153713377,-0.190754392572543,0.465685965113465,0.383139569963463,0.0795590291759019,0.163189601928712,0.0386049403993567,0.54424432656233,0.447772861660839,0.0929801486399563,0.045117356681573
511.45,0.140916104896535,0.534237072415466,0.200001885973843,0.0498627505927692,0.551024646354912,0.644230049764684,-0.258828975492038,-0.190959021610996,0.465433048419006,0.383111394685622,0.0794964835532211,0.163566357833503,0.0385717252448439,0.54416069758153,0.447914398196929,0.0929432537988915,0.0450961034835279
514.1,0.141243058624547,0.534195983194452,0.200045684699869,0.0498574733525578,0.550550389446236,0.643927057254602,-0.259202925816754,-0.191163325848261,0.465179621370956,0.383082849993986,0.079433946900282,0.163943975873395,0.0385385272612365,0.544076891827286,0.448056012692047,0.0929064235610934,0.0450748940078222
516.75,0.141570766257237,0.534154476493189,0.200089420865036,0.049852194642303,0.55007635568261,0.643624664588,-0.259577022233035,-0.191367321488451,0.464925688006217,0.383053933510129,0.0793714169576269,0.164322457904821,0.0385053448977827,0.543992914638207,0.448197703696292,0.0928696554387128,0.04505372652116
519.4,0.141899229516143,0.534112564570346,0.200133094503721,0.0498469144840085,0.549602523678653,0.64332284786857,-0.259951281739632,-0.191571024183284,0.46467125218319,0.383024642909959,0.0793088915412068,0.164701805789912,0.0384721766575057,0.543908771153911,0.448339469825195,0.092832947028861,0.0450325993507999
522.05,0.142228450126461,0.534070259247741,0.200176705649525,0.0498416328982753,0.549128872789378,0.643021584033922,-0.260325720808116,-0.191774449051666,0.464416317588078,0.382994975921753,0.0792463685396758,0.165082021396435,0.0384390210952565,0.543824466322004,0.448481309757499,0.0927962960105783,0.0450115108823745
524.7,0.142558429817057,0.534027571925603,0.200220254335301,0.0498363499043518,0.548655383083361,0.642720850825581,-0.260700355401776,-0.191977610698584,0.464160887740943,0.382964930324236,0.0791838459117781,0.165463106597753,0.0384058768158353,0.543740004904844,0.448623222233025,0.0927597001419144,0.0449904595577907
527.35,0.142889170320479,0.533984513597322,0.20026374059318,0.0498310655201825,0.548182035316904,0.64242062676007,-0.261075200993851,-0.192180523233323,0.463904966001556,0.382934503944733,0.0791213216838324,0.165845063272769,0.0383727424721833,0.543655391486046,0.448765206050608,0.0927231572571115,0.0449694438732049
530,0.14322067337297,0.533941094863665,0.200307164454598,0.0498257797624557,0.547708810909134,0.64212089110103,-0.261450272585111,-0.192383200287048,0.463648555575048,0.382903694657392,0.079058793947306,0.166227893305885,0.0383396167636394,0.543570630476762,0.448907260066101,0.0926866652638877,0.0449484623770721
708.989898989899,0.167473475155221,0.530503556257705,0.203096976110211,0.0494657212709808,0.515433346092136,0.62234455606587,-0.287827488083642,-0.205969105072353,0.445276262672164,0.379849989675925,0.0747642816983711,0.194213083898886,0.0360803342264495,0.537635486955557,0.45863849319953,0.0902718926820057,0.0435641189246109
887.979797979798,0.195798343066803,0.526523145254486,0.205607856542151,0.0490976905937808,0.481576231856282,0.602455386476582,-0.317334955779275,-0.220075108295705,0.424803535335925,0.374629337298489,0.0702188857587026,0.226832626026786,0.0337103362299398,0.531432328109165,0.468664039580305,0.0878443393990817,0.0421718770533607
1066.9696969697,0.22886449225409,0.522091026638059,0.207843024735231,0.0487170689481881,0.445639126006122,0.581959816701157,-0.351016686185766,-0.235107001582813,0.401954841476422,0.366892471709981,0.0653513387856105,0.264813626072733,0.0311947388204286,0.524912540701257,0.479124617039217,0.0853422666938958,0.040737187169081
1245.9595959596,0.267443365489828,0.517130201352156,0.20980401584863,0.048318887496812,0.407419080774984,0.560652120894002,-0.389958635421184,-0.251306530613447,0.376375832013556,0.35623047487302,0.0601200045090648,0.308974490112493,0.0285193356542489,0.517933298730768,0.49021113808595,0.0827315401430108,0.0392456484625801
1424.94949494949,0.312419356027831,0.511536459212554,0.211490086419451,0.047898281045751,0.366822540904971,0.538373219309858,-0.435543985188862,-0.26891655167268,0.347704452169088,0.34213898462748,0.0544953961406523,0.36021703774321,0.0256775778633479,0.510314237562454,0.502145986315004,0.0799810769137264,0.0376861253516901
1603.93939393939,0.364797434851073,0.505192768644222,0.212897286853026,0.0474506456951985,0.323890218855943,0.515006249446576,-0.489602167028511,-0.288187500893381,0.31560996104733,0.324000001338117,0.0484649389242724,0.41949884312717,0.022672315319916,0.501840107741133,0.515180810643883,0.077062365492884,0.0360504374612603
1782.92929292929,0.425702764114367,0.497975917603495,0.214017436548939,0.0469719026493816,0.278855653937928,0.490502966413571,-0.5546205455452,-0.309358361794431,0.279856644525942,0.301076124118513,0.0420428044349566,0.487761212447967,0.019519895775655,0.492263694036766,0.529588444454863,0.073952670496264,0.03433520764895
1961.91919191919,0.496361366217614,0.489770925120042,0.214837163971192,0.0464589786260505,0.232233821305736,0.464933857925933,-0.634074531639525,-0.332608825993765,0.240420415148225,0.272543876754128,0.0352854291261042,0.565757320760744,0.0162563674914015,0.481323480406674,0.545634892286281,0.0706416946503842,0.0325453700548153
2140.90909090909,0.578036692853624,0.480505400991738,0.215337540072262,0.0459106701607545,0.184965228858278,0.438587222937511,-0.732909905836347,-0.3579440244792,0.197707494718524,0.237644789361053,0.0283171895102226,0.653646251659558,0.0129475660200795,0.46880152338778,0.56350033384542,0.0671453634034087,0.0307011056056258
2319.89898989899,0.671862067451194,0.47022984729152,0.21549596900341,0.0453292494422782,0.138673799500282,0.412180441067459,-0.858005585122175,-0.384912620363718,0.152973575510503,0.196168925770351,0.0213759130438407,0.750025870553484,0.00970716596501972,0.454683696940585,0.583073332086706,0.0635356736339515,0.0288526308747222
2498.88888888889,0.778430992541972,0.459297010485668,0.215295010262526,0.0447235273423585,0.0961127179536479,0.387291452917749,-1.01721914124258,-0.411962087293848,0.109081906151035,0.149759889380959,0.0148905844723816,0.849759830975273,0.00672789025675535,0.439551505979114,0.603465663879414,0.0600024244230027,0.0271104017042424
2677.87878787879,0.89693675553017,0.448669040314443,0.214747240595778,0.0441138959989776,0.0614500558184888,0.366828401926063,-1.21147771828362,-0.435537046169309,0.0712331771599094,0.104239437582614,0.00953626841994275,0.940852912767542,0.00430150390729422,0.425229109943684,0.622261213546317,0.056927110288695,0.0256779881348244
2856.86868686869,1.02419965513519,0.439928435702365,0.213931338015696,0.0435345355841245,0.038225472283879,0.353708795661056,-1.41764714008136,-0.451354140469201,0.0447938803320097,0.0687408723636395,0.0059146974913996,1.00797247428713,0.00267578305987153,0.414487736019486,0.636074578643924,0.054730011204197,0.0247596156962739
3035.85858585859,1.15547019459001,0.434100427412518,0.212978249955704,0.0430195362681069,0.0251607849991514,0.34732745517374,-1.59927581332687,-0.459260885680947,0.0295840163897612,0.0466462998029988,0.00386850944333529,1.04819258840994,0.0017612549499406,0.408387143994932,0.643920315061447,0.0534021311463273,0.0243129218621618
3214.84848484848,1.2868940398912,0.430764231572114,0.211996795233137,0.0425838713182137,0.0180507983818625,0.344719460638281,-1.74350358460767,-0.462534198433501,0.0212398945542002,0.0339131277070667,0.00275488642599198,1.07085803985888,0.00126355588673037,0.405622224560153,0.647645319859308,0.0526105794767452,0.0241303622446797
3393.83838383838,1.41632820902261,0.428964570007782,0.211045127360619,0.0422250475729953,0.0139165213971578,0.343841997447959,-1.85646930831863,-0.463641078940502,0.0163785392030825,0.0262734983767768,0.00210905297792672,1.08428271855165,0.000974156497801049,0.404672221897186,0.649151602185704,0.0521093575009337,0.0240689398213571
3572.82828282828,1.54273409587938,0.42799752193209,0.210148515854365,0.0419334163422269,0.0113044092058613,0.343766566431974,-1.94675212994303,-0.46373636360058,0.0133057121148669,0.0213591660497496,0.00170266821083082,1.09285296381307,0.00079130864441029,0.404626096274759,0.649531261745702,0.051778062342851,0.0240636596502382
3751.81818181818,1.66562304899995,0.427473179235501,0.209316284608119,0.0416980617159053,0.00953341423378662,0.34408104184017,-2.02075153615656,-0.463339255455267,0.0112218216613729,0.0179910937603074,0.00142845988001635,1.09869955590882,0.000667338996365064,0.405019229617187,0.649336547545775,0.0515561321148727,0.0240856729288119
3930.80808080808,1.78477676989404,0.427190711436946,0.208550284006333,0.0415089255879666,0.00826448916830304,0.344586037972065,-2.08278398519518,-0.46270232338982,0.00972828500147514,0.015561859492823,0.00123298163345636,1.10290443112211,0.000578514241781213,0.405618679709602,0.648848270825541,0.0514088950100579,0.0241210226580446
4109.79797979798,1.90011713601464,0.427045517269705,0.207848802793716,0.0413573766342936,0.00731542185817233,0.345177233696238,-2.13576062437207,-0.46195785608009,0.00861091055409537,0.0137377744709335,0.00108751723941076,1.10605634606941,0.000512079530072063,0.406304700165435,0.64821511061897,0.0513143602070489,0.0241624063587366
4288.78787878788,2.01164304187033,0.426980791818046,0.207208448952874,0.0412362311018415,0.00658121122049716,0.345797348981906,-2.18169417052437,-0.461178340521156,0.00774628391493364,0.0123235773356793,0.000975534954420726,1.10849755329825,0.000460684785434801,0.407013899493547,0.647519161728025,0.0512576469248146,0.0242058144287334
4467.77777777778,2.11939769148074,0.426964190112373,0.206625101377077,0.0411395981539541,0.00599766500472297,0.346414236229456,-2.22201779510587,-0.46040426853445,0.00705895034301845,0.011198537575744,0.000886943850643507,1.11043865541208,0.000419836550330608,0.407712149600349,0.646807188819876,0.0512282657262673,0.0242489965360619
4646.76767676768,2.22345056120826,0.426976501415039,0.206094408791972,0.0410626847431194,0.00552355683404186,0.347009895386932,-2.25778117300631,-0.459658140625074,0.00650043932481767,0.0102844459637607,0.000815276387895374,1.11201558847177,0.00038664897838293,0.408381200347578,0.646106236474744,0.0512186228140955,0.0242906926770853
4825.75757575758,2.32388689708485,0.42700592686834,0.205612055191366,0.0410016080729191,0.00513129727597878,0.347574578665209,-2.28977282424983,-0.458951995023007,0.00603830359456141,0.0095286103717498,0.000756214898989913,1.11331968174179,0.000359190809318515,0.409011740083207,0.645431858085857,0.0512231236586535,0.0243302205065647
5004.74747474747,2.42080131613152,0.427045040108722,0.205173899478736,0.0409532309867331,0.00480177223392672,0.348103466570544,-2.31859844400718,-0.458291651794821,0.0056500560562363,0.00889433141603272,0.000706776327771945,1.11441440526999,0.000336124056374871,0.409599623571767,0.644792682350191,0.0512376009942931,0.0243672426599381
5183.73737373737,2.5142937611536,0.427089091931361,0.204776045177521,0.0409150231295352,0.00452134386752787,0.348594721880409,-2.34473246175784,-0.457679192887434,0.00531964698444452,0.00835531399764374,0.000664838685007714,1.11534515580915,0.000316494070726951,0.410143734999373,0.644193063958357,0.0512589316995081,0.0244016305316286
5362.72727272727,2.60446686638658,0.427135022401119,0.204414870490889,0.0408849461377329,0.00428003285354893,0.349048316240201,-2.36855289732789,-0.457114452627803,0.00503532857117799,0.0078922528892515,0.000628854204961225,1.11614521573075,0.000299602299748425,0.410644735595547,0.643634681460654,0.0512847702139202,0.0244333821368141
5541.71717171717,2.69142420177771,0.427180863212337,0.204087035709481,0.0408613596816801,0.00407037560120154,0.349465306174606,-2.39036551362421,-0.456595933179584,0.00478831209838758,0.00749067177564982,0.000597669165619006,1.1168395148216,0.000284926292084108,0.411104310135071,0.643117530666755,0.0513133573944656,0.0244625714322225
5720.70707070707,2.77526908268867,0.427225364527993,0.203789477773864,0.040842945009362,0.00388668250830784,0.349847378653002,-2.41042093416202,-0.456121375834451,0.0045718961179656,0.00713951273270127,0.000570407068939156,1.11744707870186,0.000272067775581549,0.411524704918712,0.642640557610846,0.051343380223868,0.0244893165057102
5899.69696969697,2.85610375387235,0.427267755736824,0.203519397764858,0.0408286429292617,0.00372454287613855,0.350196562555427,-2.42892702185607,-0.455688121161016,0.00438088437785633,0.00683019023791757,0.00054639077229707,1.11798266921341,0.000260718001329698,0.411908441142345,0.642202069478711,0.0513738669774199,0.0245137593788799
6078.68686868687,2.93402882728926,0.427307588652868,0.203274244765749,0.04081760359777,0.00358048618029925,0.350515044468743,-2.44605799819266,-0.45529333692831,0.0042111874606853,0.00655594127719384,0.000525089295146072,1.11845790773392,0.000250634032620947,0.412258136386649,0.641800004969719,0.0514041078138734,0.024536053112812
6257.67676767677,3.00914289571575,0.427344632859719,0.203051698162451,0.0408091459092362,0.00345174519425399,0.35080505126311,-2.46196127113,-0.454934161828513,0.00405954412648015,0.00631136925595113,0.000506080685885433,1.11888206454958,0.000241622163597779,0.412576394041308,0.641432113546512,0.0514335940123412,0.0245563535884177
6436.66666666667,3.08154227028698,0.4273788048135,0.202849649616671,0.0408027246760731,0.00333608704293612,0.351068776017761,-2.47676262656737,-0.454607794875865,0.00392332251290582,0.00609211770906688,0.000489025589381243,1.11926262122375,0.000233526093005529,0.41286573605602,0.641096074518457,0.0514619711344037,0.0245748143212433
6615.65656565657,3.15132080674655,0.427410119244494,0.202666185438582,0.0407979041188086,0.00323169057228271,0.351308332381946,-2.49057022870915,-0.454311549426348,0.00380037579830327,0.00589463283348398,0.000473648101616413,1.11960567963908,0.00022621834005979,0.413128563599941,0.640789575739729,0.0514890027349376,0.0245915832667362
6794.64646464646,3.21856979599312,0.427438655544474,0.202499569771051,0.0407943364627443,0.00313705591150192,0.351525727715627,-2.50347774083673,-0.454042884026703,0.00368893573000205,0.00571598795785588,0.000459721682509032,1.11991626457903,0.000219593913805134,0.413367135801001,0.64051036487171,0.0515145421534005,0.0246068009400939
6973.63636363636,3.28337790170792,0.427464534375608,0.202348228802232,0.0407917446651535,0.00305093680557274,0.351722848668282,-2.51556678785916,-0.453799418068512,0.00358753294187071,0.00555375194608531,0.000447058641002632,1.12019855033666,0.000213565576390092,0.413583560203959,0.640256281843059,0.0515385105479754,0.0246205994067798
7152.62626262626,3.34583113272758,0.427487901340238,0.20221073610204,0.0407899084822567,0.00297228931305579,0.351901454980678,-2.52690892002976,-0.45357893751612,0.00349493653034057,0.00540588925679935,0.000435502183308886,1.1204560320565,0.000208060251913905,0.413779790779366,0.640025278352304,0.0515608797839736,0.0246331018486474
7331.61616161616,3.40601284119704,0.427508915580363,0.20208579910345,0.0407886532357706,0.00290023244684539,0.352063178681093,-2.53756719301942,-0.453379394219311,0.00341010768789853,0.00527068315531088,0.000424920328182289,1.12069165833026,0.000203016271279178,0.413957630724484,0.63981542841437,0.0515816591145272,0.0246444225076765
7510.60606060606,3.46400373990367,0.427527741849436,0.201972246704547,0.0407878407608661,0.00283401763459132,0.352209526764154,-2.54759745169552,-0.453198901165033,0.00333216372006952,0.00514667605837459,0.000415201198341502,1.12090793283488,0.000198381234421393,0.41411873822571,0.639624932746728,0.0516008848338934,0.0246546668734908
7689.59595959596,3.51988193388084,0.427544545047042,0.201869017941103,0.0407873621162699,0.00277300478869233,0.352341886053935,-2.55704938043986,-0.453035725252499,0.00326034984544997,0.00503262273979954,0.000406249340949055,1.12110699518191,0.000194110335208463,0.414264633954426,0.639452118932361,0.0516186122655988,0.0246639320237755
7868.58585858586,3.57372296258708,0.427559486509576,0.201775151665316,0.0407871317173207,0.00271664337431851,0.352461529367845,-2.56596736958029,-0.452888278658484,0.00319401688227284,0.00492745327697877,0.000397982824576222,1.12129068475485,0.000190165036202295,0.414396709481608,0.639295438742752,0.0516349095867098,0.0246723070557492
8047.57575757576,3.62559984985944,0.427572721557128,0.201689777159887,0.0407870826176158,0.00266445729852371,0.352569622380737,-2.57439123551469,-0.452755109509057,0.00313260343614992,0.00483024345506862,0.00039033092845874,1.12146059082939,0.00018651201089666,0.414516236069507,0.639153463598063,0.0516498530963398,0.0246798735666516
8226.56565656566,3.67558315949976,0.427584397940102,0.201612105614872,0.0407871627173989,0.00261603275642782,0.352667230783054,-2.58235682233294,-0.452634892334942,0.00307562157173809,0.00474019094865082,0.000383232288978798,1.12161809369976,0.000183122292949947,0.414624373481702,0.639024878849872,0.051663523619389,0.0246867061548138
8405.55555555555,3.72374105484603,0.427594654929549,0.201541422396056,0.0407873317193291,0.00257100837786863,0.352755327461125,-2.58989650816609,-0.45252641862394,0.00302264519518668,0.0046565960034405,0.000376633401017058,1.12176439746833,0.000179970586450804,0.414722178583796,0.63890847738488,0.0516760038015551,0.0246928729222787
8584.54545454546,3.77013936105428,0.427603622866266,0.201477080036611,0.0407875586866699,0.00252906718753917,0.352834799520694,-2.5970396329767,-0.452428587671486,0.00297330057380194,0.00457884566791252,0.000370487398318532,1.12190055786807,0.000177034703127742,0.414810613589491,0.638803152891363,0.0516873761024343,0.0246984359664486
8763.53535353535,3.81484162910081,0.42761142303427,0.201418491887736,0.0407878200867943,0.0024899299946085,0.352906455039653,-2.60381286309809,-0.452340397852943,0.00292725854064256,0.00450640082653726,0.000364753053292679,1.12202750378274,0.000174295099622595,0.414890553870831,0.638707893043027,0.0516977213339884,0.0247034518527757
8942.52525252525,3.8579092007337,0.427618167760836,0.201365126368478,0.0407880982254281,0.00245334992986032,0.352971029480666,-2.61024050243826,-0.452260938388384,0.00288422805182316,0.00443878548252536,0.000359393952474835,1.12214605575362,0.000171734495090222,0.414962795285791,0.638621772761139,0.0517071176232046,0.0247079720636467
9121.51515151515,3.89940127377064,0.427623960671621,0.201316501759543,0.0407883799952745,0.00241910790193884,0.353029191725534,-2.61634475992604,-0.452189381634435,0.00284395082741537,0.00437557784387662,0.00035437781235112,1.12225694101057,0.000169337553135719,0.415028061007506,0.638543947675042,0.0517156397031775,0.0247120434207874
9300.50505050505,3.93937496727315,0.427628897048603,0.20127218149037,0.0407886558774174,0.00238700880223609,0.353081549714703,-2.62214597950371,-0.452124975913103,0.00280619687503522,0.00431640287816362,0.000349675909198061,1.12236080742134,0.000167090616156526,0.415087007854273,0.638473647850536,0.0517233584567813,0.0247157084800292
9479.49494949495,3.97788538623059,0.427633064252801,0.201231769873204,0.0407889191458128,0.00235687830742944,0.353128655689729,-2.62766284080036,-0.452067038871435,0.00277076071823011,0.00426092604219075,0.000345262599783938,1.12245823243306,0.000164981481520061,0.415140232137673,0.638410171848561,0.0517303406532765,0.024719005898281
9658.48484848485,4.0149856854686,0.427636542183965,0.201194908241949,0.0407891652348026,0.00232856018641132,0.353171011046377,-2.63291253235503,-0.452014951355159,0.00273745821964628,0.00420884800101308,0.00034111491848666,1.12254973311156,0.000162999213048792,0.415188275042901,0.638352881120567,0.0517366488304527,0.0247219707732464
9837.47474747475,4.0507271325616,0.427639403757232,0.201161271457476,0.040789391237382,0.00230191401397229,0.353209070812348,-2.63791090310189,-0.451968151772939,0.0027061238839324,0.00415990014634526,0.000337212235933416,1.12263577417466,0.00016113398097806,0.415231627569548,0.638301194764109,0.0517423412853987,0.0247246349568643
10016.4646464646,4.08515916958127,0.427641715382345,0.20113056474456,0.0407895955082188,0.00227681321937581,0.353243247767675,-2.64267259570089,-0.451926130923894,0.0026766085556631,0.00411384077352302,0.000333535968184333,1.1227167736326,0.000159376925356307,0.415270735060289,0.638254584641224,0.0517474721448911,0.0247270273437372
10195.4545454545,4.11832947355288,0.427643537435292,0.201102520828916,0.0407897773505083,0.00225314342187051,0.353273916227935,-2.64721116276153,-0.451888427259364,0.0026487774556874,0.00407045182135801,0.000330069329090735,1.12279310953338,0.000157720039530936,0.415306001341947,0.638212570842245,0.0517520914926081,0.0247291741359554
10374.4444444444,4.15028401552564,0.427644924715389,0.20107689734576,0.040789936769832,0.00223080099521716,0.353301415511659,-2.6515391704306,-0.451854622549103,0.0026225084876693,0.00402953606300731,0.000326797117081097,1.12286512363234,0.000156156069665201,0.415337792511029,0.638174717497459,0.0517562455357617,0.0247310990858161
10553.4343434343,4.18106711818876,0.427645926883052,0.201053474494024,0.0407900742814903,0.00220969183133667,0.353326053113539,-2.65566828979094,-0.451824337922412,0.00259769077951806,0.00399091468779413,0.000323705531793255,1.12293312498974,0.000154678428193567,0.415366440387907,0.638140628912118,0.0517599767974632,0.0247328237179477
10732.4242424242,4.21072151198759,0.427646588875387,0.201032052912835,0.0407901907604483,0.00218973027975526,0.353348107604614,-2.65960937613152,-0.451797230255795,0.00257422343215456,0.00395442522683438,0.000320782016980741,1.12299739670633,0.000153281119582868,0.415392245662754,0.638109945998483,0.0517633243243111,0.024734367532323
10911.4141414141,4.23928838971046,0.427646951297868,0.201012451759101,0.0407902873251671,0.00217083820781032,0.353367831280208,-2.66337254323078,-0.45177298887958,0.00255201441088078,0.00391991971918759,0.000318015121514436,1.12305819435109,0.000151958674546723,0.415415480768788,0.638082343022254,0.0517663239017797,0.0247357481896146
11090.404040404,4.26680745953112,0.427647050791304,0.20099450696705,0.0407903652483268,0.00215294420613504,0.353385452575193,-2.66696722483589,-0.451751332577863,0.00253097960798686,0.00388726315906821,0.000315394381975248,1.12311575405092,0.000150706094429453,0.415436392489086,0.638057524589669,0.0517690082708095,0.0247369816802635
11269.3939393939,4.29331699650276,0.427646920374146,0.200978069672409,0.0407904258888391,0.0021359828687874,0.353401178265389,-2.67040223479935,-0.451732006857258,0.00251104199360831,0.00385633209411026,0.000312910216424433,1.12317028936929,0.000149518800815118,0.415455204338241,0.638035222920532,0.0517714073420686,0.0247380824785773
11448.3838383838,4.31885389250909,0.427646589760414,0.20096300478557,0.0407904706406629,0.00211989418292988,0.353415195472518,-2.67368581686209,-0.451714781461994,0.00249213089569572,0.0038270134349795,0.000310553834405796,1.12322199672901,0.000148392592805092,0.415472118720624,0.638015195329193,0.0517735484039933,0.0247390636830762
11627.3737373737,4.34345370468483,0.427646085654058,0.200949189699592,0.0407905008948334,0.00210462298606778,0.353427673489181,-2.67682569067626,-0.451699448114171,0.00247418135974705,0.0037992033987283,0.000308317156988544,1.12327105768714,0.000147323609024745,0.415487318894813,0.637997221931649,0.0517754563228697,0.0247399371442427
11806.3636363636,4.36715070232415,0.427645432020712,0.200936513120233,0.0407905180118501,0.00209011848015931,0.35343876543914,-2.67982909483584,-0.451685818459698,0.00245713357569517,0.00377280656492569,0.000306192745252535,1.12331763776268,0.000146308293611152,0.415500970761506,0.63798110356231,0.0517771537335185,0.0247407135807398
11985.3535353535,4.38997791229907,0.42764465033796,0.200924874006415,0.0407905233021368,0.00207633381456271,0.353448609786939,-2.6827028231896,-0.451673722201999,0.0024409323859337,0.00374773506459245,0.000304173738941432,1.12336189044086,0.00014534336701939,0.415513224483067,0.637966659859527,0.0517786612193601,0.0247414026850857
12164.3434343434,4.41196716301571,0.427643759825317,0.200914180610658,0.0407905180127584,0.00206322570796016,0.353457331710036,-2.68545325949183,-0.451663005406877,0.00242552683939472,0.00372390784699495,0.000302253800891816,1.12340395713224,0.000144425799557211,0.415524215957515,0.637953727531935,0.0517799974817396,0.0247420132197025
12343.3333333333,4.43314912693587,0.427642777655185,0.200904349610015,0.0407905033189562,0.00205075411555786,0.353465044345406,-2.68808640821182,-0.451653528963365,0.00241086979902847,0.00370125003455823,0.000300427068144668,1.12344396831065,0.00014355278808905,0.415534068155599,0.637942158776394,0.0517811794981713,0.0247425531041784
12522.3232323232,4.45355336169718,0.427641719146008,0.200895305318909,0.0407904803193554,0.00203888193379913,0.353471849921732,-2.69060792232589,-0.45164516718661,0.00239691759354006,0.00367969235103117,0.000298688108590404,1.12348204490324,0.000142721735365939,0.415542892334059,0.637931819837282,0.0517822226696305,0.0247430294945212
12701.3131313131,4.47320834986363,0.427640597938907,0.200886978976144,0.0407904500339493,0.00202757473627038,0.353477840787288,-2.69302312875596,-0.451637806550098,0.00238362970593683,0.0036591706107665,0.000297031882212622,1.12351829922613,0.000141930231538927,0.415550789136797,0.637922589697114,0.0517831409571778,0.0247434488551102
12880.303030303,4.49214153734122,0.427639426158941,0.200879308099039,0.0407904134041463,0.00201680053608988,0.353483100342928,-2.69533705189089,-0.451631344535412,0.0023709684933324,0.00363962525998218,0.000295453706233527,1.12355283513522,0.000141176037526292,0.415557849594496,0.637914358888091,0.0517839470083229,0.024743817024005
13059.2929292929,4.51037937049388,0.4276382145622,0.200872235898358,0.0407903712943174,0.00200652957635464,0.353487703888619,-2.69755443435877,-0.451625688589003,0.00235889893983402,0.00362100097226852,0.000293949224385919,1.12358574957718,0.000140457070344825,0.415564156030086,0.63790702840825,0.0517846522735001,0.0247441392722033
13238.2828282828,4.52794733199382,0.427636972669769,0.200865710748295,0.0407903244944263,0.00199673413988261,0.353491719391339,-2.6996797564955,-0.451620755176188,0.0023473884322105,0.00360324628209739,0.00029251437902443,1.12361713303559,0.000139771389791783,0.415569782880666,0.637900508739705,0.0517852671132846,0.0247444203573937
13417.2727272727,4.54486997544402,0.427635708889663,0.200859685706258,0.0407902737233814,0.00198738837500066,0.353495208181572,-2.70171725486402,-0.451616468923395,0.00233640655451028,0.00358631325006843,0.00029114538559662,1.12364706852367,0.000139117186250046,0.415574797443969,0.63789471896093,0.0517858008968916,0.02474466457271
13596.2626262626,4.56117095880638,0.427634430627682,0.200854118077813,0.0407902196328723,0.00197846814795748,0.353498225584712,-2.70367093719864,-0.451612761840779,0.00232592491403043,0.00357015717854948,0.000289838711020349,1.1236756348239,0.000138492770357023,0.415579260551584,0.637889585929735,0.0517862620923305,0.0247448757909299
13775.2525252525,4.57687307667266,0.427633144388072,0.200848969022479,0.0407901628114708,0.00196995090076914,0.353500821493519,-2.70554459809768,-0.451609572617612,0.00231591697375368,0.00355473633929553,0.000288591052862438,1.12370290545283,0.00013789656305384,0.415583227182498,0.637885043552715,0.0517866583490584,0.0247450575045463
13954.2424242424,4.59199829141172,0.427631855864937,0.200844203196526,0.0407901037888645,0.00196181552428782,0.353503040886894,-2.70734183311843,-0.451606845983863,0.00230635790273219,0.00354001173037504,0.000287399320750575,1.12372894839664,0.000137327086700147,0.415586747018591,0.63788103212056,0.0517869965735121,0.0247452128620826
14133.2323232323,4.6065677632294,0.42763057002505,0.200839788429294,0.040790043040098,0.00195404224767748,0.353504924299986,-2.70906605078365,-0.451604532131817,0.00229722444579747,0.00352594686429528,0.000286260620190545,1.12375382786776,0.000136782957337424,0.415589864946333,0.637877497699941,0.0517872829980021,0.024745344700999
14312.2222222222,4.62060187917397,0.427629291182964,0.200835695429861,0.0407899809897426,0.00194661253161662,0.353506508250064,-2.71072048511433,-0.451602586192199,0.00228849479770785,0.00351250756432468,0.000285172236931335,1.12377760293884,0.000136262877213163,0.415592621513786,0.637874391589967,0.0517875232436399,0.0247454555775045
14491.2121212121,4.63412028112081,0.42762802306897,0.200831897521185,0.0407899180159379,0.00193950898149195,0.353507825622298,-2.7123082049253,-0.451600967759689,0.0022801485008128,0.0034996617980712,0.000284131624258717,1.12380033095636,0.000135765628704437,0.415595053340885,0.637871669817118,0.0517877223775299,0.0247455477935608
14670.202020202,4.64714189277045,0.4276267688906,0.200828370399163,0.0407898544542612,0.00193271525581482,0.353508906019118,-2.71383212524587,-0.4515996404633,0.00227216633715997,0.00348737950363349,0.000283136389590334,1.12382206490586,0.000135290067907038,0.415597193495661,0.637869292692688,0.0517878849650223,0.0247456234213383
14849.1919191919,4.65968494569017,0.427625531388224,0.20082509191422,0.0407897906013972,0.00192621598811806,0.353509776076594,-2.71529501669821,-0.45159857157737,0.00226453023646642,0.00347563244100991,0.000282184283045056,1.12384285342071,0.000134835119168264,0.415599071833088,0.637867224405289,0.0517880151171696,0.0247456843253616
15028.1818181818,4.67176700443245,0.427624312885277,0.200822041873335,0.0407897267186006,0.00191999672240542,0.353510459750793,-2.71669951267273,-0.451597731669496,0.0022572232000343,0.00346439406877726,0.000281273187997,1.12386274391659,0.000134399770568379,0.415600715299444,0.637865432643571,0.0517881165337713,0.0247457321825555
15207.1717171717,4.68340499075979,0.427623115333615,0.200819201860555,0.0407896630349296,0.00191404384172825,0.353510978577079,-2.71804811880442,-0.45159709428177,0.00225022921663451,0.00345363940921177,0.00028040111062326,1.1238817797099,0.000133983068920977,0.415602148212517,0.637863888269368,0.0517881925426669,0.0247457685003956
15386.1616161616,4.69461520700624,0.427621940354424,0.200816555074284,0.0407895997502609,0.0019083445144671,0.353511351904707,-2.71934321913631,-0.451596635642426,0.00224353319920006,0.00344334494594824,0.000279566172043867,1.12390000277408,0.000133584116012697,0.415603392511012,0.637862565007724,0.051788246135237,0.0247457946333295
15565.1515151515,4.70541335860514,0.427620789275108,0.200814086179729,0.0407895370380829,0.00190288663547741,0.353511597109181,-2.72058708404778,-0.451596334404821,0.00223712091551849,0.00343348851303099,0.000278766599709584,1.12391745178565,0.000133202064483419,0.415604467983917,0.637861439177688,0.0517882799987748,0.0247458117976427
15744.1414141414,4.71581457581019,0.427619663162501,0.200811781175119,0.0407894750480737,0.00189765877913491,0.353511729784352,-2.72178187602948,-0.451596171411346,0.00223097893291439,0.00342404920591405,0.000278000720531722,1.12393416361546,0.000132836114539444,0.415605392475536,0.637860489440158,0.0517882965457397,0.0247458210849046
15923.1313131313,4.72583343463858,0.427618562852799,0.200809627270367,0.0407894139084773,0.00189265015263372,0.353511763916212,-2.72292965588418,-0.451596129479844,0.00222509456324993,0.00341500729340791,0.000277266954048692,1.12395017303494,0.00013248551068436,0.415606182072407,0.637859696573832,0.0517882979403419,0.0247458234741348
16102.1212121212,4.73548397706279,0.427617488978449,0.200807612777036,0.0407893537282797,0.00188785055501513,0.353511712040082,-2.72403238805761,-0.45159619321045,0.00221945581467035,0.00340634414036675,0.000276563806431267,1.12396551338095,0.000132149538851059,0.415606851271731,0.637859043270031,0.0517882861226032,0.0247458198428057
16281.1111111111,4.74477973047622,0.427616441992357,0.200805727008508,0.0407892945992035,0.00188325033392493,0.35351158538279,-2.72509194688927,-0.451596348810874,0.0022140513407001,0.00339804212667944,0.000275889864154931,1.12398021454957,0.000131827523374745,0.415607413135858,0.637858513953589,0.0517882628302456,0.0247458109767953
16460.101010101,4.75373372645795,0.427615422189584,0.200803960189447,0.0407892365975271,0.00187884035735231,0.353511393991197,-2.72611011977516,-0.451596583938488,0.00220887040693803,0.00339008459354254,0.000275243789865458,1.12399430665868,0.000131518825014662,0.415607879427801,0.637858094606905,0.051788229618336,0.0247457975793838
16639.0909090909,4.76235851886183,0.427614429726867,0.200802303373633,0.0407891797857421,0.00187461197466029,0.353511146848438,-2.72708861311138,-0.451596887557482,0.00220390284519754,0.00338245577078667,0.00027462431667625,1.12400781731147,0.00013122283822622,0.4156082607386,0.637857772626039,0.0517881878772713,0.0247457802793907
16818.0808080808,4.77066620125297,0.427613464640074,0.200800748369412,0.0407891242140645,0.00187055698937605,0.353510851978983,-2.72802905581942,-0.451597249809796,0.0021991390214611,0.00337514072562063,0.00027403024418724,1.12402077325119,0.000130938989256324,0.41560856659933,0.637857536680077,0.0517881388489281,0.0247457596385288
16997.0707070707,4.77866842371393,0.427612526859867,0.200799287672049,0.0407890699217989,0.00186666762735255,0.3535105165436,-2.7289330042025,-0.451597661898432,0.00219456979841291,0.0033681253032969,0.000273460433825718,1.12403319870296,0.000130666733914679,0.415608805584866,0.637857376591863,0.0517880836413673,0.024745736158052
17176.0606060606,4.78637640904374,0.427611616225724,0.200797914402326,0.0407890169385813,0.00186293651692969,0.353510146925136,-2.72980194425399,-0.451598115982075,0.00219018651206536,0.00336139608956987,0.000272913805943887,1.12404511847014,0.000130405556185078,0.41560898540425,0.637857283218561,0.0517880232419978,0.0247457102847595
17355.0505050505,4.79380096837057,0.427610732498453,0.200796622250788,0.040788965285501,0.00185935665655391,0.353509748806097,-2.73063729709379,-0.451598605079773,0.00218598093367341,0.00335494035079766,0.000272389335079809,1.12405655407454,0.000130154965958773,0.415609112987517,0.637857248360321,0.0517879585296933,0.0247456824164268
17534.0404040404,4.80095251619901,0.427609875371376,0.200795405427153,0.0407889149761141,0.00185592139829317,0.353509327238656,-2.73144042090293,-0.451599122984932,0.00218194525031371,0.00334874600279788,0.000271886047545507,1.1240675267004,0.000129914497880522,0.415609194559294,0.637857264661603,0.0517878902855382,0.0247456529067059
17713.0303030303,4.80784108491166,0.427609044480319,0.200794258614334,0.0407888660173573,0.00185262442813802,0.353508886707938,-2.73221261377293,-0.451599664187566,0.00217807204169845,0.00334280157407863,0.000271403018544251,1.12407805783326,0.000129683709969661,0.415609235706969,0.637857325526985,0.0517878192026107,0.0247456220695556
17892.0202020202,4.81447633874499,0.427608239412496,0.20079317692672,0.0407888184103718,0.00184945973835821,0.353508431189162,-2.73295511857902,-0.451600223804101,0.00217435424767037,0.00333709615492383,0.000270939368124447,1.12408816531546,0.000129462181685075,0.415609241445712,0.637857425056322,0.051787745894961,0.0247455901832414
18071.0101010101,4.82086758725704,0.427607459714409,0.200792155872249,0.040788772151245,0.001846421619783,0.353507964199219,-2.73366912333292,-0.451600797514008,0.00217078515908883,0.0033316193824255,0.000270494260050541,1.12409786841604,0.00012924951338481,0.415609216270744,0.63785755796464,0.0517876709054561,0.0247455574939453
18250,4.82702379830701,0.427606704898884,0.200791191317972,0.0407887272316744,0.00184350463699171,0.353507488843251,-2.73435576566981,-0.451601381502584,0.00216735838866181,0.00332636139489853,0.000270066898171491,1.12410718399423,0.00012904532458942,0.415609164210979,0.63785771953065,0.051787594713123,0.0247455242190276
