Time,Vultures,Jackals,Hyenas,Lions,Carrion 2,Log10Carrion2,JackalRemovalRate2,HyenaRemovalRate2,LionRemovalRate2,DecayRate2
0,0.09,0.35,0.19,0.05,1.25,0.096910013,0.672514081,0.792951535,0.178502068,0.0875
2.65,0.089951186,0.353984191,0.19006108,0.05000875,2.133281347,0.329048136,0.809679781,0.836597804,0.253606467,0.149329694
5.3,0.089900964,0.358356688,0.190126697,0.050030164,2.527519925,0.402694588,0.855447879,0.8468778,0.279636864,0.176926395
7.95,0.08985077,0.362841585,0.190193663,0.050056482,2.716538766,0.434015907,0.880621745,0.851001321,0.290977216,0.190157714
10.6,0.089800603,0.367353991,0.19026113,0.050084865,2.7991477,0.447025815,0.897489404,0.852822812,0.295812456,0.195940339
13.25,0.089750465,0.371854865,0.19032874,0.050113954,2.822737964,0.450670564,0.910145282,0.853544589,0.297294875,0.197591657
15.9,0.089700355,0.376322781,0.190396312,0.050143028,2.812973893,0.449165702,0.920388336,0.853675049,0.296925833,0.196908173
18.55,0.089650273,0.380744769,0.190463745,0.050171682,2.78454142,0.444753682,0.92914119,0.853468215,0.295507548,0.194917899
21.2,0.089600219,0.38511247,0.190530981,0.050199692,2.746047403,0.43870803,0.936922255,0.853064088,0.293496893,0.192223318
23.85,0.089550193,0.389420254,0.190597988,0.050226932,2.702568324,0.431776682,0.944038576,0.852544339,0.291162859,0.189179783
26.5,0.089500195,0.393664179,0.190664744,0.05025334,2.6570834,0.424405186,0.950677292,0.851958115,0.288666096,0.185995838
29.15,0.089450224,0.397841391,0.19073124,0.050278887,2.611316322,0.416859483,0.956954134,0.851335445,0.28610277,0.182792143
31.8,0.089400282,0.401949757,0.190797471,0.050303569,2.566240362,0.409297331,0.962941244,0.850694807,0.283530127,0.179636825
34.45,0.089350367,0.405987642,0.190863433,0.050327391,2.52238366,0.401811144,0.968683936,0.850047609,0.280981859,0.176566856
37.1,0.089300481,0.409953763,0.190929127,0.050350369,2.48001339,0.394454026,0.974211046,0.849400933,0.278477454,0.173600937
39.75,0.089250622,0.413847107,0.190994554,0.05037252,2.439246046,0.38725561,0.979541374,0.848759215,0.276027897,0.170747223
42.4,0.089200791,0.41766687,0.191059716,0.050393866,2.400112767,0.380231647,0.984687676,0.848125285,0.273639126,0.168007894
45.05,0.089150988,0.421412429,0.191124616,0.050414429,2.362597548,0.373389749,0.989659123,0.847501002,0.271314099,0.165381828
47.7,0.089101212,0.425083312,0.191189255,0.050434231,2.326659272,0.366732788,0.99446278,0.846887636,0.269054028,0.162866149
50.35,0.089051465,0.428679191,0.191253637,0.050453294,2.292244229,0.360260888,0.999104489,0.846286095,0.266859097,0.160457096
53,0.089001745,0.432199863,0.191317765,0.050471641,2.259293112,0.353972578,1.003589386,0.845697058,0.264728881,0.158150518
55.65,0.088952053,0.435645248,0.191381642,0.050489294,2.227744868,0.347865452,1.007922194,0.845121057,0.262662587,0.155942141
58.3,0.088902388,0.439015379,0.191445272,0.050506274,2.197538765,0.341936545,1.012107384,0.844558518,0.260659199,0.153827714
60.95,0.088852752,0.442310393,0.191508659,0.050522603,2.168615478,0.336182553,1.016149266,0.84400979,0.258717552,0.151803083
63.6,0.088803143,0.445530533,0.191571805,0.050538301,2.140917629,0.330599958,1.020052035,0.84347516,0.256836386,0.149864234
66.25,0.088753562,0.448676132,0.191634714,0.05055339,2.114390042,0.325185105,1.023819791,0.842954859,0.255014378,0.148007303
68.9,0.088704008,0.451747617,0.19169739,0.050567887,2.088979829,0.319934246,1.02745655,0.842449075,0.253250157,0.146228588
71.55,0.088654483,0.454745496,0.191759836,0.050581814,2.064636402,0.31484358,1.030966248,0.84195795,0.251542321,0.144524548
74.2,0.088604984,0.457670356,0.191822057,0.050595189,2.041311435,0.309909268,1.034352742,0.84148159,0.249889449,0.1428918
76.85,0.088555514,0.460522859,0.191884055,0.05060803,2.018958802,0.305127457,1.037619809,0.841020064,0.248290108,0.141327116
79.5,0.088506071,0.463303732,0.191945835,0.050620354,1.997534505,0.30049429,1.040771143,0.840573405,0.246742858,0.139827415
82.15,0.088456656,0.466013768,0.1920074,0.05063218,1.976996599,0.296005922,1.043810354,0.840141619,0.245246264,0.138389762
84.8,0.088407268,0.468653815,0.192068753,0.050643525,1.957305103,0.291658528,1.04674097,0.839724681,0.243798894,0.137011357
87.45,0.088357908,0.471224775,0.1921299,0.050654403,1.938421924,0.287448313,1.049566433,0.83932254,0.242399328,0.135689535
90.1,0.088308575,0.473727598,0.192190842,0.050664832,1.920310772,0.283371518,1.052290099,0.838935119,0.24104616,0.134421754
92.75,0.08825927,0.476163276,0.192251584,0.050674827,1.902937081,0.279424429,1.05491524,0.83856232,0.239738002,0.133205596
95.4,0.088209993,0.478532842,0.192312129,0.050684402,1.88626793,0.275603381,1.05744504,0.838204024,0.238473486,0.132038755
98.05,0.088160743,0.480837362,0.192372481,0.050693573,1.870271966,0.271904764,1.0598826,0.837860095,0.237251266,0.130919038
100.7,0.08811152,0.483077933,0.192432643,0.050702352,1.854919328,0.268325027,1.062230936,0.837530376,0.236070021,0.129844353
103.35,0.088062325,0.48525568,0.192492619,0.050710754,1.84018158,0.264860679,1.064492979,0.837214699,0.234928457,0.128812711
106,0.088013158,0.487371748,0.192552413,0.050718792,1.826031638,0.261508298,1.06667158,0.836912878,0.233825305,0.127822215
108.65,0.087964017,0.489427304,0.192612026,0.050726478,1.812443707,0.258264527,1.068769505,0.836624719,0.232759327,0.126871059
111.3,0.087914905,0.491423528,0.192671464,0.050733825,1.799393213,0.255126078,1.070789442,0.836350013,0.231729312,0.125957525
113.95,0.08786582,0.493361617,0.192730728,0.050740844,1.786856748,0.252089736,1.072733999,0.836088543,0.23073408,0.125079972
116.6,0.087816762,0.495242774,0.192789823,0.050747547,1.774812008,0.249152358,1.074605706,0.835840085,0.22977248,0.124236841
119.25,0.087767731,0.49706821,0.192848752,0.050753946,1.763237741,0.246310873,1.076407017,0.835604406,0.228843393,0.123426642
121.9,0.087718728,0.49883914,0.192907516,0.05076005,1.752113692,0.243562284,1.078140312,0.835381266,0.227945728,0.122647958
124.55,0.087669753,0.500556781,0.192966121,0.05076587,1.741420553,0.240903666,1.079807897,0.835170423,0.227078427,0.121899439
127.2,0.087620804,0.502222351,0.193024568,0.050771417,1.731139918,0.238332171,1.081412007,0.834971627,0.22624046,0.121179794
129.85,0.087571883,0.503837062,0.19308286,0.050776699,1.721254233,0.235845021,1.082954806,0.834784628,0.225430827,0.120487796
132.5,0.087522989,0.505402124,0.193141001,0.050781726,1.711746761,0.233439515,1.084438392,0.834609171,0.22464856,0.119822273
135.15,0.087474123,0.506918738,0.193198992,0.050786508,1.702601531,0.23111302,1.085864795,0.834445,0.223892718,0.119182107
137.8,0.087425284,0.508388099,0.193256838,0.050791052,1.693803311,0.228862977,1.087235981,0.834291859,0.223162389,0.118566232
140.45,0.087376472,0.50981139,0.19331454,0.050795368,1.68533756,0.2266869,1.088553852,0.834149489,0.222456689,0.117973629
143.1,0.087327687,0.511189785,0.193372101,0.050799463,1.677190401,0.224582368,1.089820249,0.834017633,0.221774764,0.117403328
145.75,0.08727893,0.512524444,0.193429523,0.050803345,1.669348587,0.222547034,1.091036953,0.833896034,0.221115785,0.116854401
148.4,0.0872302,0.513816513,0.19348681,0.050807022,1.661799467,0.220578615,1.092205687,0.833784436,0.22047895,0.116325963
151.05,0.087181497,0.515067122,0.193543963,0.050810501,1.65453096,0.218674898,1.093328119,0.833682586,0.219863484,0.115817167
153.7,0.087132821,0.516277389,0.193600985,0.050813788,1.647531522,0.216833733,1.094405859,0.833590231,0.219268636,0.115327207
156.35,0.087084173,0.517448412,0.193657878,0.050816892,1.640790126,0.215053034,1.095440466,0.833507121,0.218693681,0.114855309
159,0.087035551,0.518581272,0.193714644,0.050819818,1.634296234,0.21333078,1.096433447,0.833433008,0.218137917,0.114400736
161.65,0.086986957,0.519677032,0.193771286,0.050822573,1.628039769,0.211665009,1.097386258,0.833367649,0.217600666,0.113962784
164.3,0.08693839,0.520736738,0.193827805,0.050825162,1.622011101,0.210053822,1.098300307,0.833310802,0.217081273,0.113540777
166.95,0.08688985,0.521761415,0.193884204,0.050827592,1.61620102,0.208495377,1.099176955,0.833262229,0.216579106,0.113134071
169.6,0.086841337,0.52275207,0.193940485,0.050829868,1.610600715,0.206987888,1.100017515,0.833221697,0.216093552,0.11274205
172.25,0.086792851,0.523709688,0.19399665,0.050831996,1.60520176,0.205529627,1.100823258,0.833188974,0.215624022,0.112364123
174.9,0.086744392,0.524635235,0.1940527,0.050833982,1.599996089,0.204118921,1.10159541,0.833163835,0.215169945,0.111999726
177.55,0.08669596,0.525529658,0.194108637,0.050835829,1.594975987,0.202754149,1.102335159,0.833146057,0.21473077,0.111648319
180.2,0.086647556,0.526393881,0.194164464,0.050837543,1.590134065,0.201433741,1.103043648,0.833135422,0.214305966,0.111309385
182.85,0.086599178,0.527228809,0.194220181,0.050839129,1.585463251,0.20015618,1.103721983,0.833131716,0.21389502,0.110982428
185.5,0.086550828,0.528035327,0.194275791,0.050840591,1.580956774,0.198919996,1.104371233,0.83313473,0.213497437,0.110666974
188.15,0.086502504,0.528814297,0.194331296,0.050841934,1.576608148,0.197723767,1.10499243,0.833144259,0.213112739,0.11036257
190.8,0.086454207,0.529566562,0.194386696,0.050843162,1.572411158,0.196566117,1.105586568,0.833160101,0.212740465,0.110068781
193.45,0.086405938,0.530292945,0.194441994,0.050844279,1.568359854,0.195445717,1.106154609,0.833182061,0.212380171,0.10978519
196.1,0.086357695,0.530994248,0.19449719,0.050845288,1.564448532,0.19436128,1.106697483,0.833209948,0.212031426,0.109511397
198.75,0.086309479,0.531671252,0.194552287,0.050846195,1.560671724,0.193311562,1.107216086,0.833243573,0.211693817,0.109247021
201.4,0.08626129,0.532324719,0.194607285,0.050847002,1.557024191,0.19229536,1.107711282,0.833282754,0.211366945,0.108991693
204.05,0.086213128,0.53295539,0.194662187,0.050847713,1.553500911,0.191311512,1.108183908,0.833327314,0.211050424,0.108745064
206.7,0.086164993,0.533563988,0.194716993,0.050848331,1.550097065,0.190358894,1.108634768,0.833377077,0.210743882,0.108506795
209.35,0.086116885,0.534151216,0.194771705,0.05084886,1.546808034,0.189436419,1.109064643,0.833431876,0.210446962,0.108276562
212,0.086068803,0.534717757,0.194826323,0.050849302,1.54362939,0.188543039,1.109474281,0.833491544,0.210159318,0.108054057
214.65,0.086020749,0.535264276,0.19488085,0.050849662,1.54055688,0.187677738,1.10986441,0.833555922,0.209880617,0.107838982
217.3,0.085972721,0.53579142,0.194935286,0.050849941,1.537586428,0.186839537,1.110235727,0.833624853,0.209610537,0.10763105
219.95,0.08592472,0.536299816,0.194989633,0.050850143,1.534714122,0.186027489,1.110588908,0.833698184,0.209348768,0.107429989
222.6,0.085876746,0.536790075,0.195043891,0.05085027,1.531936206,0.185240681,1.110924604,0.833775768,0.209095011,0.107235534
225.25,0.085828799,0.537262789,0.195098062,0.050850326,1.529249077,0.184478227,1.111243444,0.833857462,0.20884898,0.107047435
227.9,0.085780879,0.537718535,0.195152146,0.050850312,1.526649276,0.183739276,1.111546034,0.833943124,0.208610395,0.106865449
230.55,0.085732985,0.53815787,0.195206145,0.05085023,1.524133481,0.183023003,1.11183296,0.834032619,0.208378989,0.106689344
233.2,0.085685118,0.538581338,0.19526006,0.050850085,1.521698504,0.182328614,1.112104784,0.834125816,0.208154504,0.106518895
235.85,0.085637278,0.538989463,0.195313891,0.050849877,1.519341283,0.181655338,1.112362053,0.834222586,0.207936691,0.10635389
238.5,0.085589464,0.539382756,0.19536764,0.050849608,1.517058877,0.181002436,1.112605292,0.834322805,0.20772531,0.106194121
241.15,0.085541677,0.539761712,0.195421307,0.050849282,1.514848462,0.18036919,1.112835007,0.834426351,0.20752013,0.106039392
243.8,0.085493917,0.54012681,0.195474893,0.0508489,1.512707325,0.17975491,1.113051687,0.834533108,0.207320928,0.105889513
246.45,0.085446183,0.540478516,0.195528399,0.050848463,1.510632859,0.179158927,1.113255804,0.834642963,0.207127489,0.1057443
249.1,0.085398476,0.54081728,0.195581826,0.050847975,1.508622561,0.178580598,1.113447813,0.834755804,0.206939605,0.105603579
251.75,0.085350796,0.541143539,0.195635175,0.050847436,1.506674024,0.178019301,1.113628152,0.834871526,0.206757078,0.105467182
254.4,0.085303143,0.541457714,0.195688445,0.050846849,1.504784936,0.177474435,1.113797245,0.834990024,0.206579715,0.105334946
257.05,0.085255516,0.541760218,0.195741639,0.050846215,1.502953076,0.176945421,1.1139555,0.835111198,0.206407329,0.105206715
259.7,0.085207915,0.542051444,0.195794757,0.050845535,1.501176306,0.176431701,1.11410331,0.83523495,0.206239743,0.105082341
262.35,0.085160341,0.542331779,0.195847799,0.050844812,1.499452575,0.175932734,1.114241056,0.835361188,0.206076783,0.10496168
265,0.085112794,0.542601594,0.195900766,0.050844047,1.497779909,0.175448001,1.114369104,0.835489818,0.205918285,0.104844594
267.65,0.085065273,0.542861248,0.195953658,0.050843242,1.496156411,0.174976998,1.114487807,0.835620753,0.205764087,0.104730949
270.3,0.085017779,0.54311109,0.196006477,0.050842397,1.494580257,0.174519241,1.114597504,0.835753908,0.205614035,0.104620618
272.95,0.084970311,0.543351456,0.196059223,0.050841514,1.493049692,0.174074262,1.114698526,0.835889199,0.205467981,0.104513478
275.6,0.08492287,0.543582674,0.196111897,0.050840595,1.491563031,0.173641611,1.114791189,0.836026545,0.20532578,0.104409412
278.25,0.084875455,0.543805058,0.196164498,0.050839641,1.490118651,0.173220851,1.114875797,0.836165871,0.205187296,0.104308306
280.9,0.084828067,0.544018913,0.196217028,0.050838653,1.488714993,0.172811562,1.114952647,0.836307099,0.205052394,0.104210049
283.55,0.084780705,0.544224535,0.196269487,0.050837632,1.487350556,0.17241334,1.115022021,0.836450158,0.204920947,0.104114539
286.2,0.08473337,0.544422208,0.196321875,0.050836579,1.486023897,0.172025793,1.115084194,0.836594977,0.20479283,0.104021673
288.85,0.084686061,0.544612209,0.196374194,0.050835495,1.484733628,0.171648545,1.11513943,0.836741488,0.204667925,0.103931354
291.5,0.084638779,0.544794804,0.196426443,0.050834382,1.483478415,0.171281232,1.115187983,0.836889626,0.204546116,0.103843489
294.15,0.084591523,0.544970251,0.196478623,0.050833241,1.482256972,0.170923502,1.1152301,0.837039326,0.204427293,0.103757988
296.8,0.084544293,0.545138799,0.196530735,0.050832072,1.481068063,0.170575017,1.115266017,0.837190527,0.204311349,0.103674764
299.45,0.08449709,0.545300689,0.196582778,0.050830877,1.479910499,0.170235451,1.115295962,0.83734317,0.204198181,0.103593735
302.1,0.084449913,0.545456154,0.196634753,0.050829655,1.478783137,0.16990449,1.115320155,0.837497197,0.20408769,0.10351482
304.75,0.084402762,0.545605419,0.196686662,0.050828409,1.477684875,0.169581828,1.115338809,0.837652552,0.20397978,0.103437941
307.4,0.084355638,0.5457487,0.196738503,0.05082714,1.476614653,0.169267174,1.115352129,0.837809182,0.203874359,0.103363026
310.05,0.08430854,0.545886208,0.196790278,0.050825847,1.475571452,0.168960244,1.115360311,0.837967035,0.203771339,0.103290002
312.7,0.084261468,0.546018146,0.196841986,0.050824532,1.474554291,0.168660767,1.115363546,0.83812606,0.203670634,0.1032188
315.35,0.084214422,0.546144709,0.196893629,0.050823195,1.473562226,0.16836848,1.115362018,0.838286209,0.203572162,0.103149356
318,0.084167403,0.546266087,0.196945206,0.050821837,1.472594347,0.168083129,1.115355903,0.838447435,0.203475842,0.103081604
320.65,0.08412041,0.546382462,0.196996718,0.05082046,1.471649779,0.16780447,1.115345372,0.838609694,0.203381599,0.103015485
323.3,0.084073444,0.546494011,0.197048165,0.050819063,1.470727681,0.167532266,1.115330589,0.83877294,0.203289359,0.102950938
325.95,0.084026503,0.546600905,0.197099547,0.050817647,1.469827241,0.167266292,1.115311713,0.838937132,0.20319905,0.102887907
328.6,0.083979589,0.546703308,0.197150865,0.050816214,1.46894768,0.167006328,1.115288896,0.839102228,0.203110604,0.102826338
331.25,0.083932701,0.546801378,0.19720212,0.050814762,1.468088246,0.166752162,1.115262286,0.839268191,0.203023955,0.102766177
333.9,0.083885839,0.54689527,0.19725331,0.050813294,1.467248215,0.16650359,1.115232025,0.83943498,0.20293904,0.102707375
336.55,0.083839003,0.546985132,0.197304437,0.05081181,1.466426892,0.166260416,1.115198249,0.839602561,0.202855796,0.102649882
339.2,0.083792194,0.547071106,0.197355501,0.05081031,1.465623607,0.166022451,1.115161091,0.839770896,0.202774165,0.102593652
341.85,0.08374541,0.547153331,0.197406502,0.050808795,1.464837712,0.165789512,1.115120679,0.839939952,0.20269409,0.10253864
344.5,0.083698653,0.547231939,0.19745744,0.050807265,1.464068588,0.165561423,1.115077133,0.840109696,0.202615516,0.102484801
347.15,0.083651922,0.54730706,0.197508316,0.05080572,1.463315636,0.165338013,1.115030574,0.840280096,0.20253839,0.102432095
349.8,0.083605217,0.547378818,0.19755913,0.050804163,1.462578279,0.165119119,1.114981115,0.84045112,0.202462661,0.10238048
352.45,0.083558538,0.547447332,0.197609881,0.050802591,1.461855963,0.164904584,1.114928865,0.84062274,0.20238828,0.102329917
355.1,0.083511885,0.547512719,0.197660571,0.050801007,1.461148153,0.164694253,1.114873931,0.840794925,0.202315199,0.102280371
357.75,0.083465258,0.547575089,0.197711199,0.050799411,1.460454335,0.164487982,1.114816415,0.840967649,0.202243373,0.102231803
360.4,0.083418657,0.547634551,0.197761766,0.050797803,1.459774013,0.164285628,1.114756416,0.841140885,0.202172758,0.102184181
363.05,0.083372082,0.547691209,0.197812272,0.050796183,1.459106711,0.164087055,1.114694027,0.841314607,0.202103311,0.10213747
365.7,0.083325533,0.547745162,0.197862717,0.050794552,1.458451967,0.163892131,1.114629342,0.841488789,0.202034991,0.102091638
368.35,0.083279011,0.547796508,0.197913101,0.05079291,1.457809341,0.163700729,1.114562447,0.841663408,0.20196776,0.102046654
371,0.083232514,0.54784534,0.197963425,0.050791258,1.457178405,0.163512726,1.114493428,0.84183844,0.201901579,0.102002488
373.65,0.083186043,0.547891748,0.198013688,0.050789596,1.456558749,0.163328006,1.114422367,0.842013864,0.201836411,0.101959112
376.3,0.083139598,0.54793582,0.198063891,0.050787924,1.455949977,0.163146454,1.114349344,0.842189656,0.201772222,0.101916498
378.95,0.083093179,0.547977638,0.198114033,0.050786242,1.455351709,0.16296796,1.114274433,0.842365797,0.201708976,0.10187462
381.6,0.083046785,0.548017285,0.198164116,0.050784552,1.454763578,0.162792419,1.114197709,0.842542267,0.201646643,0.10183345
384.25,0.083000418,0.548054837,0.19821414,0.050782852,1.45418523,0.162619729,1.114119242,0.842719045,0.201585189,0.101792966
386.9,0.082954077,0.548090371,0.198264103,0.050781144,1.453616324,0.162449792,1.1140391,0.842896113,0.201524585,0.101753143
389.55,0.082907761,0.548123959,0.198314007,0.050779428,1.453056534,0.162282512,1.11395735,0.843073453,0.201464801,0.101713957
392.2,0.082861472,0.548155671,0.198363852,0.050777704,1.452505542,0.162117798,1.113874055,0.843251047,0.20140581,0.101675388
394.85,0.082815208,0.548185575,0.198413638,0.050775972,1.451963046,0.161955563,1.113789275,0.843428879,0.201347583,0.101637413
397.5,0.08276897,0.548213735,0.198463364,0.050774233,1.45142875,0.161795721,1.11370307,0.843606933,0.201290094,0.101600013
400.15,0.082722758,0.548240216,0.198513032,0.050772487,1.450902374,0.161638191,1.113615496,0.843785192,0.201233319,0.101563166
402.8,0.082676572,0.548265078,0.198562641,0.050770734,1.450383645,0.161482894,1.113526608,0.843963641,0.201177233,0.101526855
405.45,0.082630411,0.548288379,0.198612191,0.050768973,1.449872301,0.161329753,1.11343646,0.844142266,0.201121812,0.101491061
408.1,0.082584276,0.548310175,0.198661683,0.050767207,1.44936809,0.161178695,1.113345101,0.844321053,0.201067033,0.101455766
410.75,0.082538167,0.548330521,0.198711116,0.050765434,1.448870768,0.16102965,1.11325258,0.844499989,0.201012876,0.101420954
413.4,0.082492084,0.548349471,0.198760491,0.050763655,1.448380101,0.160882549,1.113158946,0.844679059,0.200959319,0.101386607
416.05,0.082446027,0.548367073,0.198809808,0.05076187,1.447895862,0.160737327,1.113064243,0.844858252,0.200906341,0.10135271
418.7,0.082399995,0.548383378,0.198859067,0.05076008,1.447417836,0.16059392,1.112968515,0.845037555,0.200853923,0.101319249
421.35,0.082353989,0.548398432,0.198908268,0.050758284,1.446945811,0.160452267,1.112871806,0.845216957,0.200802047,0.101286207
424,0.082308008,0.548412281,0.198957411,0.050756482,1.446479587,0.160312309,1.112774154,0.845396445,0.200750693,0.101253571
426.65,0.082262053,0.548424969,0.199006496,0.050754676,1.446018968,0.16017399,1.112675601,0.845576011,0.200699846,0.101221328
429.3,0.082216124,0.548436538,0.199055523,0.050752864,1.445563766,0.160037254,1.112576183,0.845755642,0.200649487,0.101189464
431.95,0.082170221,0.548447028,0.199104493,0.050751048,1.445113802,0.159902049,1.112475937,0.845935328,0.200599601,0.101157966
434.6,0.082124343,0.548456479,0.199153406,0.050749227,1.444668901,0.159768324,1.112374898,0.846115061,0.200550171,0.101126823
437.25,0.082078491,0.54846493,0.199202261,0.050747402,1.444228896,0.15963603,1.112273101,0.846294829,0.200501183,0.101096023
439.9,0.082032664,0.548472416,0.199251059,0.050745572,1.443793625,0.15950512,1.112170578,0.846474625,0.200452623,0.101065554
442.55,0.081986863,0.548478972,0.1992998,0.050743738,1.443362931,0.159375547,1.11206736,0.84665444,0.200404476,0.101035405
445.2,0.081941088,0.548484634,0.199348483,0.0507419,1.442936666,0.159247269,1.111963478,0.846834264,0.200356729,0.101005567
447.85,0.081895338,0.548489433,0.19939711,0.050740058,1.442514684,0.159120243,1.111858961,0.847014091,0.200309368,0.100976028
450.5,0.081849613,0.548493402,0.19944568,0.050738212,1.442096846,0.158994427,1.111753838,0.847193911,0.200262382,0.100946779
453.15,0.081803915,0.54849657,0.199494192,0.050736362,1.441683018,0.158869783,1.111648135,0.847373718,0.200215757,0.100917811
455.8,0.081758241,0.548498967,0.199542648,0.050734509,1.441273071,0.158746272,1.111541879,0.847553504,0.200169483,0.100889115
458.45,0.081712594,0.548500622,0.199591048,0.050732653,1.440866879,0.158623858,1.111435095,0.847733262,0.200123549,0.100860681
461.1,0.081666971,0.548501561,0.19963939,0.050730793,1.440464322,0.158502506,1.111327807,0.847912985,0.200077943,0.100832503
463.75,0.081621374,0.548501812,0.199687676,0.050728929,1.440065285,0.158382181,1.111220039,0.848092667,0.200032654,0.10080457
466.4,0.081575803,0.5485014,0.199735906,0.050727063,1.439669656,0.158262851,1.111111813,0.848272301,0.199987674,0.100776876
469.05,0.081530257,0.548500348,0.199784079,0.050725194,1.439277327,0.158144484,1.111003152,0.848451882,0.199942992,0.100749413
471.7,0.081484737,0.548498682,0.199832196,0.050723321,1.438888196,0.15802705,1.110894076,0.848631404,0.199898599,0.100722174
474.35,0.081439241,0.548496422,0.199880257,0.050721446,1.438502161,0.157910519,1.110784605,0.84881086,0.199854485,0.100695151
477,0.081393772,0.548493593,0.199928261,0.050719568,1.438119126,0.157794862,1.11067476,0.848990245,0.199810643,0.100668339
479.65,0.081348327,0.548490214,0.19997621,0.050717688,1.437738999,0.157680053,1.110564558,0.849169555,0.199767064,0.10064173
482.3,0.081302908,0.548486307,0.200024102,0.050715805,1.437361691,0.157566066,1.110454018,0.849348784,0.199723739,0.100615318
484.95,0.081257515,0.54848189,0.200071938,0.050713919,1.436987114,0.157452874,1.110343158,0.849527927,0.199680662,0.100589098
487.6,0.081212147,0.548476984,0.200119718,0.050712031,1.436615187,0.157340453,1.110231994,0.84970698,0.199637824,0.100563063
490.25,0.081166804,0.548471605,0.200167443,0.050710141,1.436245828,0.15722878,1.110120542,0.849885938,0.199595218,0.100537208
492.9,0.081121486,0.548465772,0.200215111,0.050708248,1.435878961,0.157117832,1.110008818,0.850064796,0.199552838,0.100511527
495.55,0.081076194,0.548459503,0.200262724,0.050706354,1.435514511,0.157007587,1.109896838,0.850243551,0.199510676,0.100486016
498.2,0.081030927,0.548452812,0.200310281,0.050704457,1.435152406,0.156898024,1.109784615,0.850422199,0.199468727,0.100460668
500.85,0.080985685,0.548445717,0.200357783,0.050702558,1.434792578,0.156789121,1.109672164,0.850600735,0.199426983,0.10043548
503.5,0.080940469,0.548438232,0.200405228,0.050700658,1.434434959,0.156680861,1.109559498,0.850779156,0.19938544,0.100410447
506.15,0.080895277,0.548430373,0.200452619,0.050698755,1.434079486,0.156573223,1.109446631,0.850957459,0.199344091,0.100385564
508.8,0.080850111,0.548422152,0.200499954,0.05069685,1.433726096,0.15646619,1.109333574,0.851135639,0.19930293,0.100360827
511.45,0.080804971,0.548413585,0.200547233,0.050694944,1.43337473,0.156359744,1.109220339,0.851313694,0.199261952,0.100336231
514.1,0.080759855,0.548404684,0.200594457,0.050693036,1.43302533,0.156253867,1.109106939,0.85149162,0.199221153,0.100311773
516.75,0.080714765,0.548395461,0.200641626,0.050691127,1.432677841,0.156148544,1.108993385,0.851669414,0.199180527,0.100287449
519.4,0.080669699,0.54838593,0.20068874,0.050689215,1.432332209,0.156043758,1.108879687,0.851847073,0.199140069,0.100263255
522.05,0.080624659,0.548376102,0.200735798,0.050687303,1.431988383,0.155939495,1.108765856,0.852024595,0.199099774,0.100239187
524.7,0.080579645,0.548365988,0.200782801,0.050685389,1.431646313,0.155835739,1.108651901,0.852201976,0.199059639,0.100215242
527.35,0.080534655,0.5483556,0.200829749,0.050683473,1.43130595,0.155732477,1.108537833,0.852379214,0.199019659,0.100191417
530,0.08048969,0.548344948,0.200876642,0.050681556,1.43096725,0.155629694,1.108423661,0.852556306,0.198979829,0.100167707
708.989899,0.077510027,0.547344505,0.203918868,0.050550685,1.410490398,0.149370134,1.100757885,0.864104169,0.196509224,0.098734328
887.979798,0.074640669,0.546263783,0.206722757,0.050420773,1.392606724,0.143828488,1.093578593,0.874748518,0.194285138,0.097482471
1066.969697,0.071877532,0.545256253,0.209300308,0.050294655,1.376489032,0.138772755,1.08698741,0.884501848,0.192242056,0.096354232
1245.959596,0.069216684,0.544330503,0.211663988,0.050173898,1.361930902,0.134155074,1.080958291,0.893415976,0.190367825,0.095335163
1424.949495,0.066654339,0.543482702,0.213826656,0.050059467,1.348788362,0.12994381,1.075454726,0.901546416,0.18865339,0.094415185
1603.939394,0.06418685,0.54270795,0.215801317,0.049951912,1.336932571,0.126109504,1.070439975,0.90894845,0.187089163,0.09358528
1782.929293,0.061810705,0.542001302,0.217600912,0.04985148,1.326245219,0.122623831,1.065878211,0.91567613,0.185665146,0.092837165
1961.919192,0.059522523,0.541357898,0.219238136,0.049758203,1.316617582,0.11945965,1.061734862,0.92178168,0.184371245,0.092163231
2140.909091,0.057319047,0.540773025,0.220725303,0.049671958,1.307949911,0.116591113,1.057976827,0.927315081,0.183197517,0.091556494
2319.89899,0.055197143,0.540242142,0.222074242,0.049592515,1.300150879,0.113993754,1.054572641,0.932323769,0.182134332,0.091010561
2498.888889,0.05315379,0.539760916,0.223296217,0.049519573,1.293137029,0.111644548,1.051492588,0.936852462,0.181172496,0.090519592
2677.878788,0.051186079,0.539325239,0.224401882,0.049452784,1.286832245,0.109521935,1.048708759,0.94094305,0.18030331,0.090078257
2856.868687,0.049291212,0.538931241,0.225401244,0.049391776,1.281167229,0.107605821,1.046195083,0.944634574,0.179518619,0.089681706
3035.858586,0.047466492,0.538575295,0.226303659,0.049336165,1.276078995,0.10587756,1.043927319,0.947963254,0.178810822,0.08932553
3214.848485,0.045709321,0.538254022,0.227117824,0.049285568,1.271510382,0.10431991,1.041883017,0.950962553,0.178172875,0.089005727
3393.838384,0.044017199,0.537964284,0.227851795,0.049239607,1.267409587,0.102916988,1.040041461,0.953663283,0.177598278,0.088718671
3572.828283,0.042387718,0.537703182,0.228513004,0.049197918,1.263729723,0.1016542,1.038383605,0.956093722,0.177081057,0.088461081
3751.818182,0.040818559,0.537468044,0.229108287,0.049160153,1.260428402,0.100518181,1.036891981,0.958279756,0.176615735,0.088229988
3930.808081,0.039307489,0.537256417,0.229643909,0.049125981,1.25746734,0.099496714,1.035550614,0.96024502,0.17619731,0.088022714
4109.79798,0.037852358,0.537066055,0.230125602,0.049095093,1.254811997,0.098578662,1.034344929,0.962011051,0.175821221,0.08783684
4288.787879,0.036451095,0.536894904,0.230558596,0.049067198,1.25243123,0.097753888,1.033261652,0.963597434,0.175483316,0.087670186
4467.777778,0.035101705,0.536741094,0.230947651,0.049042029,1.250296987,0.097013184,1.03228872,0.965021949,0.175179826,0.087520789
4646.767677,0.033802268,0.536602923,0.231297096,0.049019335,1.248384011,0.096348198,1.031415186,0.966300715,0.174907332,0.087386881
4825.757576,0.032550936,0.536478844,0.231610858,0.048998888,1.246669581,0.095751363,1.03063113,0.967448323,0.174662739,0.087266871
5004.747475,0.031345927,0.536367457,0.231892496,0.048980475,1.245133263,0.095215835,1.029927577,0.968477968,0.174443247,0.087159328
5183.737374,0.030185526,0.536267491,0.23214523,0.048963904,1.243756693,0.094735431,1.029296414,0.969401569,0.174246324,0.087062969
5362.727273,0.029068082,0.536177798,0.232371971,0.048948998,1.242523371,0.094304566,1.028730314,0.97022988,0.174069688,0.086976636
5541.717172,0.027992005,0.536097341,0.232575349,0.048935597,1.241418478,0.093918205,1.028222669,0.970972598,0.173911279,0.086899293
5720.707071,0.026955764,0.536025185,0.232757735,0.048923552,1.240428713,0.093571811,1.027767521,0.971638461,0.173769239,0.08683001
5899.69697,0.025957884,0.535960483,0.232921267,0.04891273,1.239542136,0.093261294,1.027359505,0.972235334,0.173641897,0.086767949
6078.686869,0.024996944,0.535902477,0.233067871,0.048903012,1.238748033,0.092982978,1.02699379,0.972770296,0.173527748,0.086712362
6257.676768,0.024071577,0.53585048,0.233199281,0.048894286,1.238036797,0.092733553,1.026666032,0.973249714,0.173425437,0.086662576
6436.666667,0.023180467,0.535803877,0.233317056,0.048886454,1.237399808,0.092510044,1.026372324,0.973679308,0.173333748,0.086617987
6615.656566,0.022322345,0.535762112,0.2334226,0.048879426,1.236829338,0.092309778,1.026109154,0.974064222,0.173251585,0.086578054
6794.646465,0.02149599,0.535724688,0.233517173,0.04887312,1.23631846,0.092130354,1.025873369,0.974409073,0.173177966,0.086542292
6973.636364,0.020700226,0.535691156,0.233601908,0.048867464,1.235860963,0.091969615,1.025662135,0.974718008,0.173112008,0.086510267
7152.626263,0.019933921,0.535661114,0.233677822,0.048862392,1.235451282,0.091825624,1.025472909,0.974994748,0.173052917,0.08648159
7331.616162,0.019195983,0.535634201,0.233745828,0.048857844,1.235084427,0.091696646,1.02530341,0.975242635,0.172999983,0.08645591
7510.606061,0.018485363,0.535610093,0.233806746,0.048853767,1.23475593,0.09158112,1.025151589,0.975464664,0.172952567,0.086432915
7689.59596,0.01780105,0.535588498,0.233861312,0.048850112,1.234461786,0.09147765,1.025015609,0.975663524,0.172910096,0.086412325
7868.585859,0.01714207,0.535569156,0.233910185,0.048846836,1.234198407,0.091384981,1.024893823,0.975841623,0.172872057,0.086393888
8047.575758,0.016507484,0.535551833,0.233953958,0.0488439,1.233962579,0.091301989,1.024784755,0.976001124,0.172837987,0.086377381
8226.565657,0.015896391,0.535536318,0.23399316,0.04884127,1.233751423,0.091227667,1.024687078,0.976143963,0.172807475,0.0863626
8405.555556,0.015307919,0.535522424,0.234028268,0.048838913,1.233562361,0.091161109,1.024599607,0.976271878,0.172780149,0.086349365
8584.545455,0.014741233,0.53550998,0.234059709,0.048836801,1.233393082,0.091101508,1.024521277,0.976386424,0.172755678,0.086337516
8763.535354,0.014195524,0.535498837,0.234087864,0.048834909,1.233241519,0.091048137,1.024451135,0.976488995,0.172733764,0.086326906
8942.525253,0.013670017,0.535488859,0.234113077,0.048833214,1.233105818,0.091000347,1.024388327,0.976580842,0.172714141,0.086317407
9121.515152,0.013163964,0.535479924,0.234135653,0.048831696,1.23298432,0.090957554,1.024332086,0.976663085,0.172696569,0.086308902
9300.505051,0.012676645,0.535471923,0.23415587,0.048830336,1.232875539,0.090919236,1.024281727,0.976736726,0.172680834,0.086301288
9479.494949,0.012207366,0.535464759,0.234173971,0.048829118,1.232778146,0.090884927,1.024236636,0.976802664,0.172666745,0.08629447
9658.484848,0.011755459,0.535458344,0.23419018,0.048828027,1.232690948,0.090854207,1.024196262,0.976861703,0.172654129,0.086288366
9837.474747,0.011320282,0.5354526,0.234204693,0.04882705,1.232612878,0.090826701,1.024160112,0.976914566,0.172642833,0.086282901
10016.46465,0.010901214,0.535447457,0.234217688,0.048826175,1.232542982,0.090802073,1.024127745,0.976961897,0.172632719,0.086278009
10195.45455,0.01049766,0.535442852,0.234229323,0.048825392,1.232480404,0.090780023,1.024098765,0.977004275,0.172623663,0.086273628
10374.44444,0.010109045,0.535438729,0.234239741,0.04882469,1.232424377,0.09076028,1.024072818,0.977042218,0.172615554,0.086269706
10553.43434,0.009734817,0.535435037,0.234249068,0.048824062,1.232374217,0.090742604,1.024049586,0.977076189,0.172608295,0.086266195
10732.42424,0.009374442,0.535431732,0.234257419,0.048823499,1.232329308,0.090726777,1.024028786,0.977106605,0.172601795,0.086263052
10911.41414,0.009027407,0.535428773,0.234264896,0.048822995,1.232289102,0.090712608,1.024010163,0.977133837,0.172595975,0.086260237
11090.40404,0.00869322,0.535426123,0.234271591,0.048822544,1.232253106,0.090699921,1.02399349,0.977158218,0.172590764,0.086257717
11269.39394,0.008371404,0.535423751,0.234277584,0.04882214,1.232220878,0.090688563,1.023978562,0.977180047,0.172586099,0.086255461
11448.38384,0.008061502,0.535421627,0.234282951,0.048821778,1.232192026,0.090678394,1.023965197,0.977199591,0.172581922,0.086253442
11627.37374,0.007763071,0.535419726,0.234287755,0.048821455,1.232166195,0.090669289,1.023953231,0.977217089,0.172578183,0.086251634
11806.36364,0.007475689,0.535418023,0.234292057,0.048821165,1.232143068,0.090661138,1.023942518,0.977232754,0.172574835,0.086250015
11985.35354,0.007198945,0.535416499,0.234295908,0.048820905,1.232122364,0.09065384,1.023932927,0.97724678,0.172571837,0.086248565
12164.34343,0.006932446,0.535415134,0.234299356,0.048820673,1.232103827,0.090647307,1.02392434,0.977259337,0.172569153,0.086247268
12343.33333,0.006675812,0.535413913,0.234302443,0.048820464,1.232087232,0.090641457,1.023916652,0.977270579,0.172566751,0.086246106
12522.32323,0.006428679,0.535412819,0.234305206,0.048820278,1.232072374,0.09063622,1.023909769,0.977280644,0.172564599,0.086245066
12701.31313,0.006190695,0.53541184,0.234307681,0.048820111,1.232059073,0.090631531,1.023903606,0.977289655,0.172562673,0.086244135
12880.30303,0.00596152,0.535410963,0.234309896,0.048819962,1.232047164,0.090627333,1.023898089,0.977297723,0.172560949,0.086243301
13059.29293,0.00574083,0.535410178,0.234311879,0.048819828,1.232036502,0.090623575,1.02389315,0.977304946,0.172559405,0.086242555
13238.28283,0.005528309,0.535409475,0.234313655,0.048819708,1.232026957,0.09062021,1.023888728,0.977311412,0.172558023,0.086241887
13417.27273,0.005323655,0.535408846,0.234315245,0.048819601,1.232018412,0.090617198,1.023884769,0.977317201,0.172556786,0.086241289
13596.26263,0.005126578,0.535408283,0.234316668,0.048819505,1.232010761,0.090614501,1.023881224,0.977322384,0.172555678,0.086240753
13775.25253,0.004936796,0.535407778,0.234317942,0.048819419,1.232003912,0.090612087,1.023878051,0.977327025,0.172554687,0.086240274
13954.24242,0.00475404,0.535407327,0.234319083,0.048819342,1.23199778,0.090609925,1.02387521,0.977331179,0.172553799,0.086239845
14133.23232,0.004578049,0.535406923,0.234320104,0.048819273,1.23199229,0.09060799,1.023872667,0.977334898,0.172553004,0.08623946
14312.22222,0.004408574,0.535406561,0.234321019,0.048819212,1.231987375,0.090606257,1.023870389,0.977338228,0.172552292,0.086239116
14491.21212,0.004245372,0.535406237,0.234321837,0.048819157,1.231982974,0.090604706,1.023868351,0.97734121,0.172551655,0.086238808
14670.20202,0.004088212,0.535405947,0.23432257,0.048819107,1.231979035,0.090603317,1.023866526,0.977343878,0.172551084,0.086238532
14849.19192,0.003936869,0.535405687,0.234323226,0.048819063,1.231975508,0.090602074,1.023864892,0.977346268,0.172550574,0.086238286
15028.18182,0.00379113,0.535405455,0.234323814,0.048819023,1.23197235,0.090600961,1.023863429,0.977348407,0.172550116,0.086238065
15207.17172,0.003650785,0.535405246,0.23432434,0.048818988,1.231969524,0.090599964,1.023862119,0.977350322,0.172549707,0.086237867
15386.16162,0.003515636,0.53540506,0.23432481,0.048818956,1.231966993,0.090599072,1.023860946,0.977352037,0.172549341,0.086237689
15565.15152,0.00338549,0.535404893,0.234325232,0.048818928,1.231964727,0.090598273,1.023859897,0.977353572,0.172549012,0.086237531
15744.14141,0.003260162,0.535404744,0.234325609,0.048818902,1.231962698,0.090597558,1.023858957,0.977354946,0.172548719,0.086237389
15923.13131,0.003139473,0.53540461,0.234325947,0.048818879,1.231960882,0.090596918,1.023858115,0.977356177,0.172548456,0.086237262
16102.12121,0.003023253,0.53540449,0.23432625,0.048818859,1.231959256,0.090596345,1.023857362,0.977357278,0.17254822,0.086237148
16281.11111,0.002911334,0.535404383,0.234326521,0.048818841,1.231957801,0.090595832,1.023856688,0.977358265,0.17254801,0.086237046
16460.10101,0.002803559,0.535404287,0.234326763,0.048818824,1.231956498,0.090595372,1.023856084,0.977359147,0.172547821,0.086236955
16639.09091,0.002699774,0.535404201,0.23432698,0.04881881,1.231955331,0.090594961,1.023855543,0.977359938,0.172547652,0.086236873
16818.08081,0.00259983,0.535404124,0.234327174,0.048818797,1.231954286,0.090594593,1.023855059,0.977360646,0.172547501,0.0862368
16997.07071,0.002503587,0.535404056,0.234327348,0.048818785,1.231953351,0.090594263,1.023854626,0.977361279,0.172547365,0.086236735
17176.06061,0.002410906,0.535403994,0.234327504,0.048818774,1.231952514,0.090593968,1.023854238,0.977361846,0.172547244,0.086236676
17355.05051,0.002321656,0.535403939,0.234327643,0.048818765,1.231951765,0.090593704,1.023853891,0.977362354,0.172547135,0.086236624
17534.0404,0.00223571,0.535403889,0.234327768,0.048818757,1.231951094,0.090593467,1.02385358,0.977362809,0.172547038,0.086236577
17713.0303,0.002152946,0.535403845,0.23432788,0.048818749,1.231950493,0.090593256,1.023853302,0.977363216,0.172546951,0.086236534
17892.0202,0.002073246,0.535403806,0.23432798,0.048818742,1.231949955,0.090593066,1.023853053,0.97736358,0.172546873,0.086236497
18071.0101,0.001996496,0.53540377,0.23432807,0.048818736,1.231949473,0.090592896,1.023852829,0.977363906,0.172546804,0.086236463
18250,0.001922587,0.535403738,0.23432815,0.048818731,1.231949042,0.090592744,1.02385263,0.977364198,0.172546741,0.086236433
